CustomerID,TotalSpent,TotalQuantity,TotalTransactions,AveragePrice,Cluster,CustomerType
12347,4310.0,2458,7,2.644010989010989,3,High Value Customer
12348,1797.24,2341,4,5.764838709677419,2,Regular Customer
12349,1757.55,631,1,8.289041095890411,2,Regular Customer
12350,334.4,197,1,3.841176470588235,1,Low Value Customer
12353,89.0,20,1,6.074999999999999,2,Regular Customer
12354,1079.4,530,1,4.5037931034482765,2,Regular Customer
12355,459.4,240,1,4.203846153846154,1,Low Value Customer
12356,2811.43,1591,3,3.201186440677966,3,High Value Customer
12357,6207.67,2708,1,3.3486259541984733,3,High Value Customer
12358,1168.06,248,2,8.27421052631579,2,Regular Customer
12359,6372.58,1622,4,8.620403225806452,2,Regular Customer
12360,2662.06,1165,3,3.5496899224806198,3,High Value Customer
12361,189.9,91,1,3.335,1,Low Value Customer
12362,5226.23,2229,10,3.94093984962406,3,High Value Customer
12363,552.0,408,2,2.3117391304347827,1,Low Value Customer
12364,1313.1,1506,4,1.910235294117647,1,Low Value Customer
12367,168.9,173,1,3.2,1,Low Value Customer
12370,3545.69,2353,4,2.800299401197605,3,High Value Customer
12371,1887.96,591,2,3.8742857142857146,1,Low Value Customer
12372,1298.04,794,3,3.001346153846154,1,Low Value Customer
12373,364.6,197,1,4.582142857142857,2,Regular Customer
12374,742.9300000000001,342,1,4.21969696969697,1,Low Value Customer
12375,457.5,178,2,6.912941176470589,2,Regular Customer
12377,1628.12,944,2,2.718831168831169,1,Low Value Customer
12378,4008.62,2529,1,2.9974429223744297,3,High Value Customer
12379,852.24,407,2,2.86625,1,Low Value Customer
12380,2724.81,1127,4,3.378653846153846,3,High Value Customer
12381,1845.31,808,5,4.683218390804598,2,Regular Customer
12383,1850.56,1532,5,3.086969696969697,3,High Value Customer
12384,585.27,126,2,7.87925925925926,2,Regular Customer
12386,401.9,354,2,2.391,1,Low Value Customer
12388,2780.66,1462,6,2.7777,3,High Value Customer
12390,549.84,353,1,3.996875,1,Low Value Customer
12391,460.89,300,1,2.4599,1,Low Value Customer
12393,1582.6000000000001,816,4,2.2796875,1,Low Value Customer
12394,1272.48,819,2,3.3707407407407404,1,Low Value Customer
12395,3018.63,2118,12,3.9688461538461537,3,High Value Customer
12397,2409.9,1263,2,3.4682539682539684,1,Low Value Customer
12398,1635.6599999999999,1394,1,1.992705882352941,1,Low Value Customer
12399,1108.65,1178,4,2.1145762711864404,1,Low Value Customer
12401,84.3,11,1,9.68,2,Regular Customer
12402,225.6,94,1,3.290909090909091,1,Low Value Customer
12403,427.7,96,1,7.080000000000001,2,Regular Customer
12405,1710.39,857,1,3.5442592592592597,1,Low Value Customer
12406,3415.3,1818,2,2.487047619047619,3,High Value Customer
12407,1708.1200000000001,1416,5,3.2674025974025973,3,High Value Customer
12408,2888.55,1409,5,3.0228571428571427,3,High Value Customer
12409,11072.67,5551,3,3.574495412844037,0,Premium Customer
12410,693.3299999999999,211,2,6.335384615384616,2,Regular Customer
12412,1226.88,829,3,2.7137704918032783,1,Low Value Customer
12413,758.1,286,3,4.798421052631579,2,Regular Customer
12414,562.41,300,3,8.57,2,Regular Customer
12417,3649.1,1552,9,5.337916666666666,3,High Value Customer
12418,668.58,407,1,3.5644117647058824,1,Low Value Customer
12420,600.39,345,1,4.707241379310345,2,Regular Customer
12421,807.04,484,4,4.520222222222222,2,Regular Customer
12422,803.5600000000001,370,3,3.26025641025641,1,Low Value Customer
12423,1859.31,1339,8,2.9135999999999997,3,High Value Customer
12424,1760.96,740,2,2.780666666666667,1,Low Value Customer
12425,777.2,496,1,2.5644444444444443,1,Low Value Customer
12426,582.73,258,1,3.9363333333333332,1,Low Value Customer
12427,825.8,533,3,4.589032258064516,2,Regular Customer
12428,7956.46,3536,9,4.627414965986395,0,Premium Customer
12429,3750.4,1557,4,3.6307216494845362,3,High Value Customer
12430,256.4,117,1,6.225454545454546,2,Regular Customer
12431,6487.45,2906,15,3.785063829787234,0,Premium Customer
12432,5059.32,1801,5,10.550833333333333,2,Regular Customer
12434,806.14,394,2,3.6726,1,Low Value Customer
12435,7829.89,2055,2,5.479166666666667,3,High Value Customer
12436,509.01,211,1,5.2675,2,Regular Customer
12437,4951.41,2922,18,4.0125628140703515,0,Premium Customer
12438,2906.85,1180,2,3.894897959183673,1,Low Value Customer
12441,173.55,121,1,3.700909090909091,1,Low Value Customer
12442,172.06,182,1,3.34,1,Low Value Customer
12444,5005.46,1153,5,6.3586931818181816,2,Regular Customer
12445,133.4,62,1,7.9875,2,Regular Customer
12446,1002.3100000000001,351,1,4.352631578947368,2,Regular Customer
12447,476.49,190,1,3.5742307692307693,1,Low Value Customer
12448,449.45,243,1,5.951818181818182,2,Regular Customer
12449,4067.29,1553,4,3.694712041884817,3,High Value Customer
12450,197.88,128,2,1.6175,1,Low Value Customer
12451,9035.52,6575,5,2.450084745762712,0,Premium Customer
12452,430.57,185,2,4.485,2,Regular Customer
12453,707.09,473,1,2.393255813953488,1,Low Value Customer
12454,3528.34,1006,1,7.282,2,Regular Customer
12455,2466.86,2089,6,3.173333333333334,3,High Value Customer
12456,3181.04,1633,3,3.62456,3,High Value Customer
12457,2363.23,843,7,5.357096774193548,2,Regular Customer
12458,947.4,506,2,4.326315789473685,2,Regular Customer
12461,826.88,287,2,4.258857142857143,1,Low Value Customer
12462,1189.59,536,2,4.689516129032258,2,Regular Customer
12463,1344.78,776,4,3.0434939759036146,1,Low Value Customer
12464,1212.05,112,8,11.832758620689654,2,Regular Customer
12465,742.1899999999999,479,2,2.76,1,Low Value Customer
12468,729.5400000000001,366,2,3.5149999999999997,1,Low Value Customer
12471,19824.05,8212,30,4.300369565217392,0,Premium Customer
12472,6572.11,4148,7,2.397669616519174,0,Premium Customer
12473,3938.5499999999997,2439,5,8.323928571428572,2,Regular Customer
12474,7375.79,4847,18,2.8656603773584903,0,Premium Customer
12475,723.38,535,1,2.941111111111111,1,Low Value Customer
12476,6816.42,2408,11,4.831030042918456,3,High Value Customer
12477,13219.74,3653,6,4.3832,0,Premium Customer
12478,680.99,236,1,4.537777777777778,2,Regular Customer
12479,527.2,385,1,2.6687096774193546,1,Low Value Customer
12480,3281.63,1707,4,3.1344155844155845,3,High Value Customer
12481,5596.32,3304,10,3.4149769585253456,3,High Value Customer
12483,2484.98,1110,8,5.198133333333334,3,High Value Customer
12484,4541.72,2191,6,3.126098265895954,3,High Value Customer
12488,1298.66,529,3,3.7347272727272727,1,Low Value Customer
12489,334.93,105,1,5.908,2,Regular Customer
12490,5417.93,3064,10,2.692857142857143,3,High Value Customer
12491,460.40000000000003,260,1,3.376923076923077,1,Low Value Customer
12492,263.21000000000004,192,2,3.3475,1,Low Value Customer
12493,433.74,207,2,4.309090909090909,2,Regular Customer
12494,1246.1000000000001,707,7,3.862207792207792,3,High Value Customer
12497,1043.1,1236,1,2.06,1,Low Value Customer
12498,403.70000000000005,159,3,4.197826086956522,1,Low Value Customer
12500,4257.82,2678,11,5.63688524590164,3,High Value Customer
12501,2169.39,1783,1,2.4126845637583894,1,Low Value Customer
12502,3723.87,820,5,6.425238095238095,2,Regular Customer
12504,482.04999999999995,90,2,9.011111111111111,2,Regular Customer
12506,73.5,23,1,3.1956521739130435,1,Low Value Customer
12507,1304.81,894,3,4.862857142857143,2,Regular Customer
12508,398.27,272,2,1.7204347826086959,1,Low Value Customer
12509,176.5,55,1,5.564285714285715,2,Regular Customer
12510,982.5699999999999,353,2,4.263333333333334,1,Low Value Customer
12512,138.03,99,2,2.5794117647058825,1,Low Value Customer
12513,612.29,462,1,2.180571428571428,1,Low Value Customer
12514,1017.68,440,1,3.296862745098039,1,Low Value Customer
12515,383.7,131,1,6.78125,2,Regular Customer
12516,1312.06,875,2,2.725769230769231,1,Low Value Customer
12517,2502.84,1371,5,2.3527464788732395,3,High Value Customer
12518,2056.89,1318,5,2.837177419354839,3,High Value Customer
12519,340.84,183,1,2.9911111111111115,1,Low Value Customer
12520,2634.26,1439,5,3.288421052631579,3,High Value Customer
12521,599.68,309,1,2.995789473684211,1,Low Value Customer
12522,192.72,194,2,5.0008333333333335,2,Regular Customer
12523,1789.77,865,11,4.935471698113207,3,High Value Customer
12524,4485.72,3699,8,2.9170833333333333,3,High Value Customer
12526,1316.66,632,3,3.3538028169014087,1,Low Value Customer
12527,348.71000000000004,234,3,2.9294444444444445,1,Low Value Customer
12528,1933.48,756,6,5.487934782608695,2,Regular Customer
12530,1662.28,913,4,3.8854545454545453,1,Low Value Customer
12531,125.22,45,1,3.8094117647058825,1,Low Value Customer
12532,349.83000000000004,153,1,3.698125,1,Low Value Customer
12534,1089.18,651,1,3.035396825396825,1,Low Value Customer
12535,716.35,219,2,4.451470588235294,2,Regular Customer
12538,363.95,191,1,3.6433333333333335,1,Low Value Customer
12539,5568.35,2067,4,4.176520146520147,3,High Value Customer
12540,13400.24,6685,17,3.847050209205021,0,Premium Customer
12541,981.18,680,3,3.615769230769231,1,Low Value Customer
12544,372.7,136,1,4.106315789473685,1,Low Value Customer
12545,1000.39,523,2,4.0238,1,Low Value Customer
12546,1161.5,633,2,3.199275362318841,1,Low Value Customer
12547,207.79999999999998,134,2,7.95,2,Regular Customer
12548,95.19999999999999,49,1,6.720000000000001,2,Regular Customer
12550,964.83,569,1,3.0903508771929826,1,Low Value Customer
12551,168.0,100,1,1.6800000000000002,1,Low Value Customer
12552,437.82,88,2,9.1155,2,Regular Customer
12553,3692.28,1965,10,3.1996335078534033,3,High Value Customer
12556,603.71,358,2,2.6623140495867768,1,Low Value Customer
12557,11990.960000000001,4384,5,2.1766666666666667,0,Premium Customer
12558,269.96,196,1,1.25,1,Low Value Customer
12559,561.71,283,2,3.5490476190476192,1,Low Value Customer
12560,2134.01,1110,3,2.8562857142857143,1,Low Value Customer
12561,238.85,177,1,2.964375,1,Low Value Customer
12562,3781.7400000000002,1779,7,3.188214285714286,3,High Value Customer
12564,456.9,133,1,5.576190476190476,2,Regular Customer
12565,145.92,80,1,2.351111111111111,1,Low Value Customer
12566,351.65,265,1,3.903684210526316,1,Low Value Customer
12567,9401.28,4305,10,3.40847533632287,0,Premium Customer
12571,519.61,523,2,1.3205882352941176,1,Low Value Customer
12572,1020.42,452,2,4.227833333333334,1,Low Value Customer
12573,160.54000000000002,84,1,2.0964285714285715,1,Low Value Customer
12574,218.45,61,1,5.2,2,Regular Customer
12576,1315.83,967,5,2.4045454545454543,1,Low Value Customer
12577,657.8,472,3,1.7950340136054421,1,Low Value Customer
12578,2794.51,1196,2,3.157017543859649,1,Low Value Customer
12579,440.42,285,1,3.3386206896551722,1,Low Value Customer
12580,415.7,238,1,2.6075,1,Low Value Customer
12581,197.71,161,1,2.8926666666666665,1,Low Value Customer
12582,511.36,300,2,5.2318181818181815,2,Regular Customer
12583,7281.38,5060,15,3.103603238866397,0,Premium Customer
12584,2338.15,416,9,7.484375,2,Regular Customer
12585,2040.1,1279,2,3.4639080459770115,1,Low Value Customer
12586,196.94000000000003,79,1,4.190909090909091,1,Low Value Customer
12587,144.0,51,1,11.56,2,Regular Customer
12588,214.89999999999998,53,1,9.58,2,Regular Customer
12589,646.68,306,2,4.502857142857143,2,Regular Customer
12590,9864.26,4283,2,10.54735294117647,0,Premium Customer
12591,452.84999999999997,228,1,3.7807692307692307,1,Low Value Customer
12592,437.6,290,2,3.311111111111111,1,Low Value Customer
12593,418.09999999999997,206,3,2.6523809523809527,1,Low Value Customer
12594,3338.2200000000003,1777,10,3.023135593220339,3,High Value Customer
12596,618.27,474,2,4.405555555555556,2,Regular Customer
12597,3811.22,2236,4,3.9420873786407764,3,High Value Customer
12598,3023.08,1964,8,2.8425757575757578,3,High Value Customer
12599,1032.58,956,7,2.9962903225806454,3,High Value Customer
12600,2599.04,774,10,5.47375,3,High Value Customer
12601,577.0600000000001,245,5,6.511071428571428,2,Regular Customer
12602,153.12,162,1,1.9708333333333332,1,Low Value Customer
12604,254.18,201,2,2.59125,1,Low Value Customer
12607,1579.51,1228,1,2.1577227722772276,1,Low Value Customer
12609,1126.85,648,3,3.5178333333333334,1,Low Value Customer
12610,2099.54,1049,5,5.024716981132076,2,Regular Customer
12611,1193.32,846,1,2.675076923076923,1,Low Value Customer
12612,704.0400000000001,262,1,4.4389473684210525,2,Regular Customer
12613,3344.38,1644,5,2.8726143790849674,3,High Value Customer
12614,315.6,76,1,5.61,2,Regular Customer
12615,2291.19,1376,4,3.0896190476190477,3,High Value Customer
12616,713.3,284,2,3.8203125,1,Low Value Customer
12617,355.53,213,1,1.903095238095238,1,Low Value Customer
12618,177.31,96,1,6.6381818181818195,2,Regular Customer
12619,3641.24,3378,9,7.056555555555556,3,High Value Customer
12620,1339.41,1181,3,2.1478260869565218,1,Low Value Customer
12621,13689.67,7440,20,2.8922912205567455,0,Premium Customer
12622,180.1,69,1,5.739090909090909,2,Regular Customer
12623,305.1,191,1,2.628888888888889,1,Low Value Customer
12624,641.13,355,2,3.8721052631578945,1,Low Value Customer
12625,2683.82,1612,2,2.1713953488372093,3,High Value Customer
12626,6620.48,3453,9,2.8210544217687072,0,Premium Customer
12627,4478.53,2752,7,2.937913043478261,3,High Value Customer
12628,786.46,448,3,3.591219512195122,1,Low Value Customer
12630,1270.88,548,2,4.48640625,2,Regular Customer
12631,640.5,236,1,4.537096774193548,2,Regular Customer
12633,2163.98,1162,4,3.211386138613862,3,High Value Customer
12635,1689.18,1172,2,2.522079207920792,1,Low Value Customer
12637,6021.9,3002,8,2.6583076923076923,3,High Value Customer
12638,671.69,577,1,2.56,1,Low Value Customer
12639,486.1,201,1,4.918181818181818,2,Regular Customer
12640,1174.58,311,3,5.716981132075472,2,Regular Customer
12641,185.9,72,1,6.964999999999999,2,Regular Customer
12642,1013.26,552,3,3.5906382978723403,1,Low Value Customer
12643,3344.64,1808,6,5.187916666666666,3,High Value Customer
12644,477.91,325,1,2.8045161290322578,1,Low Value Customer
12645,1775.18,1084,4,2.611095890410959,1,Low Value Customer
12646,1346.97,897,2,2.387111111111111,1,Low Value Customer
12647,3722.82,1431,12,5.498842975206611,3,High Value Customer
12648,318.05,160,1,3.1723809523809527,1,Low Value Customer
12649,623.51,586,3,2.6970967741935485,1,Low Value Customer
12650,314.44,254,1,1.9344999999999999,1,Low Value Customer
12651,114.0,78,1,2.244444444444445,1,Low Value Customer
12652,919.98,505,1,2.8972916666666664,1,Low Value Customer
12653,2209.85,919,2,2.5909302325581396,1,Low Value Customer
12654,601.98,264,5,4.420526315789473,2,Regular Customer
12656,4051.17,1723,5,4.4494444444444445,3,High Value Customer
12657,1643.18,1044,4,5.044893617021277,2,Regular Customer
12658,686.05,320,1,4.114444444444445,1,Low Value Customer
12659,91.68,105,1,5.308,2,Regular Customer
12660,245.1,127,1,3.8653846153846154,1,Low Value Customer
12662,3849.78,2058,11,3.2064782608695652,3,High Value Customer
12664,4881.88,1203,9,11.084864864864864,2,Regular Customer
12665,63.0,37,1,6.833333333333333,2,Regular Customer
12667,620.13,395,1,3.624242424242424,1,Low Value Customer
12668,3807.15,1634,4,3.458509316770187,3,High Value Customer
12669,2744.0299999999997,1115,3,13.741386138613862,2,Regular Customer
12670,2996.05,1397,5,3.235869565217391,3,High Value Customer
12672,225.89999999999998,78,1,3.79,1,Low Value Customer
12673,610.52,351,2,2.9283333333333337,1,Low Value Customer
12674,1970.6,1133,4,3.230602409638554,1,Low Value Customer
12676,1331.39,670,6,7.0282222222222215,2,Regular Customer
12678,17628.46,10923,12,6.554666666666667,0,Premium Customer
12679,1113.02,554,4,4.004166666666666,1,Low Value Customer
12680,862.81,443,4,3.637884615384615,1,Low Value Customer
12681,13787.54,7536,22,3.1529153605015674,0,Premium Customer
12683,8476.57,4987,15,2.719156976744186,0,Premium Customer
12684,2283.63,1985,7,2.5359999999999996,3,High Value Customer
12685,2863.08,1523,6,3.0710191082802547,3,High Value Customer
12686,89.14,107,1,3.2585714285714285,1,Low Value Customer
12688,4873.8099999999995,3028,1,4.124736842105263,3,High Value Customer
12689,1247.61,628,2,2.8519444444444444,1,Low Value Customer
12690,389.01,106,1,5.5268749999999995,2,Regular Customer
12691,1035.8,394,6,5.0359375,2,Regular Customer
12693,855.91,255,4,5.44025641025641,2,Regular Customer
12694,869.67,509,2,3.901621621621622,1,Low Value Customer
12695,582.1,220,4,4.785555555555556,2,Regular Customer
12697,957.59,508,3,5.027560975609756,2,Regular Customer
12700,4939.99,2967,4,2.6198880597014926,3,High Value Customer
12701,797.71,678,2,3.0907547169811322,1,Low Value Customer
12702,219.0,53,1,5.441666666666666,2,Regular Customer
12703,283.55,164,1,2.638095238095238,1,Low Value Customer
12704,2340.84,1006,8,6.428409090909091,2,Regular Customer
12705,6868.29,3997,9,2.8610179640718565,0,Premium Customer
12707,603.42,256,1,3.236666666666667,1,Low Value Customer
12708,2712.91,1307,10,4.316433121019108,3,High Value Customer
12709,9736.52,3936,15,3.3240865384615383,0,Premium Customer
12710,1149.02,851,3,2.718441558441558,1,Low Value Customer
12712,4396.13,1062,13,6.379924812030075,3,High Value Customer
12713,848.55,508,1,2.503421052631579,1,Low Value Customer
12714,4708.86,3069,5,2.391891891891892,3,High Value Customer
12715,353.86,197,1,3.401904761904762,1,Low Value Customer
12716,1053.49,708,2,2.665797101449275,1,Low Value Customer
12717,1030.98,506,2,4.670000000000001,2,Regular Customer
12718,238.25,203,1,2.7221052631578946,1,Low Value Customer
12719,644.95,374,2,3.644871794871795,1,Low Value Customer
12720,5781.73,4672,25,2.701581920903955,0,Premium Customer
12721,2656.13,1959,6,3.069751552795031,3,High Value Customer
12722,997.63,566,4,3.6201886792452833,1,Low Value Customer
12723,725.07,434,5,3.2023188405797103,1,Low Value Customer
12724,1031.41,445,4,3.721132075471698,1,Low Value Customer
12725,427.8,164,1,4.104166666666667,1,Low Value Customer
12726,2609.1,3143,7,2.106693548387097,3,High Value Customer
12727,3980.7,2098,7,3.2171223021582733,3,High Value Customer
12728,836.33,419,4,4.669347826086956,2,Regular Customer
12729,453.01,233,1,3.701538461538462,1,Low Value Customer
12731,18895.91,8437,12,3.346167883211679,0,Premium Customer
12732,236.26000000000002,111,1,3.5225000000000004,1,Low Value Customer
12733,383.95,137,1,3.372727272727273,1,Low Value Customer
12734,110.39999999999999,88,1,1.185,1,Low Value Customer
12735,779.5699999999999,368,2,5.416279069767441,2,Regular Customer
12736,234.0,173,1,5.58,2,Regular Customer
12738,155.35,148,1,3.95,1,Low Value Customer
12739,1013.04,486,2,4.008421052631578,1,Low Value Customer
12740,427.6,342,1,2.074074074074074,1,Low Value Customer
12743,546.43,319,2,3.038582089552239,1,Low Value Customer
12747,4196.01,1275,11,4.3678640776699025,3,High Value Customer
12749,4090.88,1471,5,4.999949748743719,3,High Value Customer
12750,275.88,137,1,4.62,2,Regular Customer
12752,4366.78,2262,1,2.2941509433962266,3,High Value Customer
12754,3010.74,6481,3,1.125079365079365,3,High Value Customer
12755,3811.95,1491,2,5.0249999999999995,3,High Value Customer
12756,112.07999999999998,144,1,0.7424999999999999,1,Low Value Customer
12757,7857.1,2402,13,11.912641509433962,0,Premium Customer
12758,2791.59,2135,2,1.700618556701031,3,High Value Customer
12759,1531.44,902,3,3.2154736842105267,1,Low Value Customer
12762,1898.52,1227,2,2.736086956521739,1,Low Value Customer
12763,494.08,316,2,1.7716666666666667,1,Low Value Customer
12764,1693.88,386,1,5.387555555555555,2,Regular Customer
12766,6989.63,3646,7,3.070806451612903,0,Premium Customer
12769,1143.6,356,1,4.45625,2,Regular Customer
12770,1351.45,743,1,2.625,1,Low Value Customer
12772,892.47,556,1,3.7007272727272724,1,Low Value Customer
12775,1386.04,877,5,3.880606060606061,1,Low Value Customer
12778,822.23,825,6,3.5094,1,Low Value Customer
12779,3981.36,2024,8,3.6543624161073827,3,High Value Customer
12781,826.74,671,2,3.1308,1,Low Value Customer
12782,2330.92,1086,5,3.805436893203883,3,High Value Customer
12783,2225.91,624,6,12.22857142857143,2,Regular Customer
12784,574.42,300,2,2.8015254237288136,1,Low Value Customer
12785,311.95,131,1,4.828571428571428,2,Regular Customer
12787,463.66,261,3,3.998,1,Low Value Customer
12790,324.92,166,1,3.948571428571429,1,Low Value Customer
12791,192.60000000000002,97,1,8.425,2,Regular Customer
12792,400.53999999999996,217,1,3.5096,1,Low Value Customer
12793,545.48,295,2,3.91,1,Low Value Customer
12794,860.41,592,2,2.077111111111111,1,Low Value Customer
12795,430.48,68,1,7.695,2,Regular Customer
12797,254.03,118,1,5.143846153846154,2,Regular Customer
12798,6977.04,5256,3,1.0474999999999999,0,Premium Customer
12802,427.58,314,1,2.52,1,Low Value Customer
12808,483.65000000000003,188,3,4.0460714285714285,1,Low Value Customer
12809,489.31,220,1,4.4092,2,Regular Customer
12811,514.85,230,3,4.12258064516129,1,Low Value Customer
12812,229.64000000000001,164,1,2.0686666666666667,1,Low Value Customer
12815,1063.46,379,2,5.401489361702128,2,Regular Customer
12816,572.2,128,2,8.832758620689654,2,Regular Customer
12817,166.04,53,1,12.0725,2,Regular Customer
12818,1542.08,929,1,6.755,2,Regular Customer
12820,942.34,722,4,1.9047457627118642,1,Low Value Customer
12821,92.72,70,1,2.4983333333333335,1,Low Value Customer
12822,948.88,550,2,2.692608695652174,1,Low Value Customer
12823,1759.5,230,5,7.65,2,Regular Customer
12824,397.12,232,1,2.5356,1,Low Value Customer
12826,1474.72,1058,7,1.9276923076923078,3,High Value Customer
12827,430.15000000000003,197,3,2.8680000000000003,1,Low Value Customer
12828,1018.71,494,6,3.09,1,Low Value Customer
12829,293.0,376,2,10.368181818181817,2,Regular Customer
12830,6814.64,9848,6,1.0863157894736843,0,Premium Customer
12831,215.05,135,1,3.066666666666667,1,Low Value Customer
12832,383.03,195,2,2.928888888888889,1,Low Value Customer
12833,417.38,156,1,5.44125,2,Regular Customer
12834,312.38,110,1,4.893888888888889,2,Regular Customer
12836,2612.86,1064,4,4.287828571428571,3,High Value Customer
12837,134.1,24,1,6.745833333333334,2,Regular Customer
12838,683.13,359,2,2.3197560975609757,1,Low Value Customer
12839,5591.42,3807,14,1.9202229299363058,0,Premium Customer
12840,2726.77,1511,4,2.035486725663717,3,High Value Customer
12841,4022.35,2757,25,2.395166666666667,0,Premium Customer
12842,1118.99,547,2,4.3302941176470595,2,Regular Customer
12843,1702.26,781,8,3.513203883495146,3,High Value Customer
12844,325.96000000000004,125,2,2.631153846153846,1,Low Value Customer
12845,354.09,204,4,2.7903703703703706,1,Low Value Customer
12847,871.54,909,1,1.3392307692307692,1,Low Value Customer
12849,1050.8899999999999,623,2,2.8945098039215686,1,Low Value Customer
12851,135.18,109,1,1.9465999999999999,1,Low Value Customer
12852,311.55,149,1,3.65,1,Low Value Customer
12853,1957.1000000000001,800,6,4.250512820512821,3,High Value Customer
12854,1324.5,627,3,2.7746363636363633,1,Low Value Customer
12855,38.1,30,1,1.55,1,Low Value Customer
12856,2179.93,1079,6,2.543407643312102,3,High Value Customer
12857,1106.4,343,2,4.142391304347826,1,Low Value Customer
12863,521.2,188,1,3.374,1,Low Value Customer
12864,147.12,216,1,0.6566666666666666,1,Low Value Customer
12865,1568.23,925,2,3.119157894736842,1,Low Value Customer
12866,559.12,171,1,4.4157692307692304,2,Regular Customer
12867,4036.82,4298,7,1.3313382899628252,3,High Value Customer
12868,1607.0600000000002,928,6,2.611682242990654,3,High Value Customer
12871,380.64,200,2,2.110909090909091,1,Low Value Customer
12872,599.97,319,2,2.4956060606060606,1,Low Value Customer
12873,374.0,128,1,4.0375,1,Low Value Customer
12875,343.2300000000001,2019,2,0.17,1,Low Value Customer
12876,2218.02,1941,2,2.2544705882352942,3,High Value Customer
12877,1535.77,1178,12,1.8988961038961039,3,High Value Customer
12878,854.99,547,2,2.0325531914893618,1,Low Value Customer
12879,573.22,370,3,1.832,1,Low Value Customer
12882,1463.04,246,2,6.437692307692307,2,Regular Customer
12883,703.47,196,4,5.926904761904762,2,Regular Customer
12885,1175.22,655,3,3.5930985915492957,1,Low Value Customer
12886,1378.4,770,2,3.7206097560975615,1,Low Value Customer
12888,354.12,76,2,5.896,2,Regular Customer
12890,380.46999999999997,259,1,1.8129268292682927,1,Low Value Customer
12891,331.0,950,3,0.3666666666666667,1,Low Value Customer
12893,188.14,96,1,2.2108823529411765,1,Low Value Customer
12895,372.8,210,2,3.222727272727273,1,Low Value Customer
12897,216.5,110,2,2.7,1,Low Value Customer
12902,138.68,66,1,5.619,2,Regular Customer
12904,509.58,302,2,3.085,1,Low Value Customer
12906,2919.81,1749,5,2.551904761904762,3,High Value Customer
12908,750.0,1200,2,0.625,1,Low Value Customer
12909,2178.67,1280,5,6.7639560439560436,2,Regular Customer
12910,3075.04,1692,8,2.0928,3,High Value Customer
12912,1662.3,670,5,2.7191666666666667,1,Low Value Customer
12913,2483.63,1419,5,2.9248000000000003,3,High Value Customer
12915,363.65,93,2,6.788636363636363,2,Regular Customer
12916,3006.15,1119,4,4.126635514018692,3,High Value Customer
12917,594.0,120,1,4.95,2,Regular Customer
12919,1335.19,673,6,2.6044,1,Low Value Customer
12920,164.23,129,1,3.8410714285714285,1,Low Value Customer
12922,405.38,370,1,1.627857142857143,1,Low Value Customer
12923,176.97,69,1,2.936551724137931,1,Low Value Customer
12924,933.7,481,4,3.1883333333333335,1,Low Value Customer
12925,694.05,541,2,2.310222222222222,1,Low Value Customer
12928,2062.7000000000003,1472,5,1.9426190476190477,3,High Value Customer
12929,117.85,37,1,7.11875,2,Regular Customer
12930,415.8,252,2,2.9948,1,Low Value Customer
12933,607.53,499,3,2.6469811320754717,1,Low Value Customer
12935,2160.7,1853,7,2.032325581395349,3,High Value Customer
12936,1063.9,559,4,2.033225806451613,1,Low Value Customer
12937,1504.27,1007,4,2.371666666666667,1,Low Value Customer
12938,114.14,140,1,1.271111111111111,1,Low Value Customer
12939,11581.8,4876,8,2.403404255319149,0,Premium Customer
12940,913.54,411,2,3.8207070707070705,1,Low Value Customer
12942,683.9,203,3,4.1378666666666675,1,Low Value Customer
12944,604.51,289,2,3.1886666666666668,1,Low Value Customer
12945,462.95,165,1,4.95,2,Regular Customer
12947,1603.99,1165,6,3.270309278350515,3,High Value Customer
12948,2064.95,1080,7,2.932758620689655,3,High Value Customer
12949,4167.22,2381,8,2.8786511627906974,3,High Value Customer
12950,1843.0,1380,3,1.3891304347826086,1,Low Value Customer
12951,1064.07,503,6,3.006031746031746,1,Low Value Customer
12952,1387.79,653,4,4.062658227848101,1,Low Value Customer
12953,329.85,84,1,6.647058823529412,2,Regular Customer
12955,4757.16,3664,11,1.6899444444444445,3,High Value Customer
12956,108.07,34,1,4.365263157894737,2,Regular Customer
12957,4017.54,2549,8,2.817563025210084,3,High Value Customer
12962,266.39,129,2,2.985625,1,Low Value Customer
12963,1856.63,881,8,3.294842105263158,3,High Value Customer
12965,771.91,283,1,3.6638532110091746,1,Low Value Customer
12966,160.18,75,1,3.4230000000000005,1,Low Value Customer
12967,1660.9,438,2,6.476315789473684,2,Regular Customer
12968,135.95,73,1,3.29,1,Low Value Customer
12970,452.24,310,4,2.0307947019867547,1,Low Value Customer
12974,144.8,24,1,7.7,2,Regular Customer
12976,738.6,561,1,1.5345454545454544,1,Low Value Customer
12977,39.239999999999995,12,1,4.23,1,Low Value Customer
12981,372.21999999999997,242,2,1.6235,1,Low Value Customer
12982,390.54,288,1,1.8478571428571429,1,Low Value Customer
12984,97.5,26,1,3.85,1,Low Value Customer
12985,1239.38,1533,2,1.914342105263158,1,Low Value Customer
12987,558.7,219,2,6.110714285714286,2,Regular Customer
12988,535.32,136,1,4.110217391304348,1,Low Value Customer
12989,6924.110000000001,2943,15,3.1915625,0,Premium Customer
12990,409.5,200,3,2.05,1,Low Value Customer
12991,503.76,405,2,2.3067741935483874,1,Low Value Customer
12993,414.76,240,4,2.1377777777777776,1,Low Value Customer
12994,974.4200000000001,459,3,4.212459016393442,1,Low Value Customer
12995,211.32,108,1,1.9566666666666668,1,Low Value Customer
12997,1226.89,664,4,3.2942372881355935,1,Low Value Customer
12999,455.88,342,3,2.549285714285714,1,Low Value Customer
13000,534.85,379,3,3.0125806451612904,1,Low Value Customer
13001,9818.82,5505,13,2.419882005899705,0,Premium Customer
13002,120.94999999999999,73,1,2.8214285714285716,1,Low Value Customer
13003,149.05,103,3,2.25,1,Low Value Customer
13004,5655.91,4822,18,2.0111633663366337,0,Premium Customer
13005,513.7,172,2,5.117307692307692,2,Regular Customer
13006,81.57,55,1,5.295,2,Regular Customer
13008,229.46999999999997,175,1,1.7342857142857144,1,Low Value Customer
13011,50.550000000000004,13,1,4.216666666666667,1,Low Value Customer
13012,1661.8400000000001,824,8,3.2319101123595506,3,High Value Customer
13013,4810.9400000000005,2224,13,3.163470319634703,3,High Value Customer
13014,3466.2799999999997,905,10,5.255229357798165,3,High Value Customer
13015,3346.28,1617,5,5.035568181818181,3,High Value Customer
13016,789.89,527,3,3.173191489361702,1,Low Value Customer
13017,204.0,48,1,4.25,1,Low Value Customer
13018,7277.7,5435,28,2.1802183406113538,0,Premium Customer
13021,2616.38,1352,9,3.812290076335878,3,High Value Customer
13023,689.9,286,2,4.5525,2,Regular Customer
13026,975.36,1620,5,0.6757500000000001,1,Low Value Customer
13028,661.3199999999999,798,2,1.014,1,Low Value Customer
13029,1247.5,134,3,7.388,2,Regular Customer
13030,799.48,394,2,3.17989898989899,1,Low Value Customer
13032,1010.18,375,2,3.81943661971831,1,Low Value Customer
13033,190.55,83,1,2.640909090909091,1,Low Value Customer
13034,642.77,369,2,2.3721621621621622,1,Low Value Customer
13035,921.88,644,2,1.8218518518518518,1,Low Value Customer
13037,881.07,431,3,3.8214583333333336,1,Low Value Customer
13038,908.46,360,3,2.7582142857142857,1,Low Value Customer
13040,676.99,355,2,2.8039534883720934,1,Low Value Customer
13043,516.42,254,1,5.680000000000001,2,Regular Customer
13044,560.47,429,1,3.258787878787879,1,Low Value Customer
13045,305.28000000000003,221,1,1.5705555555555555,1,Low Value Customer
13046,629.31,264,2,6.142857142857143,2,Regular Customer
13047,3237.54,1391,10,3.9320348837209305,3,High Value Customer
13048,1835.91,1238,4,1.8322058823529412,1,Low Value Customer
13049,656.6800000000001,268,2,3.9335714285714287,1,Low Value Customer
13050,5836.86,3748,17,2.9888833746898262,0,Premium Customer
13052,348.15000000000003,222,1,3.2938888888888886,1,Low Value Customer
13055,1214.41,894,3,2.4710526315789476,1,Low Value Customer
13058,271.40000000000003,52,3,5.825,2,Regular Customer
13059,183.4,35,1,5.21875,2,Regular Customer
13060,307.53,123,1,3.982666666666667,1,Low Value Customer
13061,248.61,107,1,3.403,1,Low Value Customer
13062,346.98,343,1,6.819090909090908,2,Regular Customer
13064,1119.49,516,4,3.555217391304348,1,Low Value Customer
13065,205.86,74,1,5.222142857142857,2,Regular Customer
13066,470.8,322,2,3.1733333333333333,1,Low Value Customer
13067,115.46000000000001,32,1,3.86,1,Low Value Customer
13068,344.0,200,2,1.72,1,Low Value Customer
13069,4436.12,5885,24,1.705764705882353,0,Premium Customer
13070,228.8,110,1,2.08,1,Low Value Customer
13072,177.15,69,1,3.3500000000000005,1,Low Value Customer
13075,919.61,485,1,2.0395454545454546,1,Low Value Customer
13077,729.27,863,4,1.7558035714285716,1,Low Value Customer
13078,12627.94,5630,26,3.9574301675977654,0,Premium Customer
13079,220.10000000000002,62,5,4.166666666666667,1,Low Value Customer
13080,58.08,120,1,0.5783333333333333,1,Low Value Customer
13082,3613.63,4324,9,2.9687671232876713,3,High Value Customer
13083,303.75,187,2,3.4066666666666667,1,Low Value Customer
13085,416.08000000000004,216,2,4.003636363636364,1,Low Value Customer
13090,8910.82,2263,14,4.534516129032259,0,Premium Customer
13091,345.82,466,1,0.9933333333333333,1,Low Value Customer
13092,477.83,279,5,5.018,2,Regular Customer
13093,7832.47,3961,8,3.273647798742138,0,Premium Customer
13094,1927.3200000000002,1716,12,1.2525000000000002,3,High Value Customer
13095,74.39999999999999,144,1,0.6933333333333334,1,Low Value Customer
13097,6010.42,2363,10,4.244113475177305,3,High Value Customer
13099,207.35999999999999,288,1,0.72,1,Low Value Customer
13101,101.19,113,1,2.9675,1,Low Value Customer
13102,6424.09,4204,24,2.5820394736842105,0,Premium Customer
13103,243.94,82,1,3.9675,1,Low Value Customer
13104,1098.48,504,6,2.1715,1,Low Value Customer
13106,76.5,18,1,4.25,1,Low Value Customer
13107,1531.6200000000001,1293,4,1.7613793103448274,1,Low Value Customer
13108,350.06,298,1,1.752,1,Low Value Customer
13109,786.54,520,2,2.6465957446808512,1,Low Value Customer
13110,1488.67,388,7,4.7364137931034485,2,Regular Customer
13113,12245.960000000001,3045,24,3.45205,0,Premium Customer
13115,2294.78,1567,4,2.5444999999999998,3,High Value Customer
13116,501.14,291,1,4.5216666666666665,2,Regular Customer
13117,984.91,945,8,2.4343421052631578,3,High Value Customer
13118,1197.81,410,5,3.588354430379747,1,Low Value Customer
13120,30.599999999999998,12,1,2.55,1,Low Value Customer
13121,283.73,252,1,1.6887999999999999,1,Low Value Customer
13122,922.39,585,2,2.6365454545454545,1,Low Value Customer
13124,3866.33,2147,3,3.3234893617021277,3,High Value Customer
13126,2099.64,2143,8,2.100142857142857,3,High Value Customer
13127,259.17,127,1,2.8853333333333335,1,Low Value Customer
13130,64.0,32,1,2.25,1,Low Value Customer
13131,1073.3,447,3,3.1161363636363633,1,Low Value Customer
13132,77.3,20,1,4.933333333333334,2,Regular Customer
13133,109.8,32,2,5.3428571428571425,2,Regular Customer
13134,1793.58,1059,4,3.113163265306122,1,Low Value Customer
13135,3096.0,4300,1,0.72,3,High Value Customer
13136,2607.61,1328,5,2.8439370078740156,3,High Value Customer
13137,3650.41,2226,8,1.915241477272727,3,High Value Customer
13138,962.39,473,6,2.8215873015873014,1,Low Value Customer
13139,5064.94,2425,7,3.541235294117647,3,High Value Customer
13140,423.72,186,3,2.9486956521739134,1,Low Value Customer
13141,2388.75,1548,5,2.202444444444444,3,High Value Customer
13142,307.09,258,1,2.9969565217391305,1,Low Value Customer
13144,110.95,21,1,6.216666666666666,2,Regular Customer
13146,228.91,154,1,2.027058823529412,1,Low Value Customer
13147,712.8000000000001,144,4,4.95,2,Regular Customer
13148,3707.12,1975,12,3.467742946708464,3,High Value Customer
13149,1676.06,1280,4,2.881860465116279,1,Low Value Customer
13151,1257.8700000000001,363,1,5.689324324324324,2,Regular Customer
13153,486.22,418,1,1.278,1,Low Value Customer
13155,971.76,497,4,2.912,1,Low Value Customer
13157,1741.22,1439,4,1.8683908045977013,1,Low Value Customer
13158,1201.06,784,4,2.0106329113924053,1,Low Value Customer
13159,1437.85,1059,4,2.7321487603305785,1,Low Value Customer
13160,91.8,56,1,3.025,1,Low Value Customer
13161,112.75,29,1,4.8625,2,Regular Customer
13162,1688.29,1713,4,1.4626582278481013,3,High Value Customer
13165,1021.48,1376,2,0.800952380952381,1,Low Value Customer
13166,417.2,216,1,2.3914634146341465,1,Low Value Customer
13167,791.33,785,4,2.9483076923076923,1,Low Value Customer
13168,1319.19,682,4,3.165267175572519,1,Low Value Customer
13169,712.88,272,2,3.7823076923076924,1,Low Value Customer
13170,116.00999999999999,147,1,1.54625,1,Low Value Customer
13171,468.41,229,3,4.0445652173913045,1,Low Value Customer
13173,353.65,277,2,2.6467441860465115,1,Low Value Customer
13174,2817.03,1395,3,3.3874840764331213,3,High Value Customer
13176,492.84,453,1,2.7775,1,Low Value Customer
13177,282.45,91,1,3.514705882352941,1,Low Value Customer
13178,5725.47,3570,11,2.046566037735849,0,Premium Customer
13182,121.18,201,1,0.6854545454545454,1,Low Value Customer
13183,3957.78,2208,9,2.032659574468085,3,High Value Customer
13184,1701.29,1692,10,1.8393922651933703,3,High Value Customer
13185,71.4,12,1,5.95,2,Regular Customer
13186,1575.89,820,3,3.2486075949367086,1,Low Value Customer
13187,236.02,95,1,3.765405405405405,1,Low Value Customer
13188,114.60000000000001,25,1,9.575,2,Regular Customer
13189,260.68,842,2,0.39172413793103444,1,Low Value Customer
13192,911.94,595,2,2.6287301587301584,1,Low Value Customer
13193,117.88,50,1,2.870344827586207,1,Low Value Customer
13194,60.7,26,1,2.65,1,Low Value Customer
13196,1797.78,1224,4,2.5078181818181817,1,Low Value Customer
13198,3401.2400000000002,2648,6,2.379336283185841,3,High Value Customer
13200,870.09,516,4,3.3756521739130436,1,Low Value Customer
13203,869.46,800,4,2.3040350877192983,1,Low Value Customer
13207,250.26000000000002,130,2,2.2912500000000002,1,Low Value Customer
13208,1223.9,804,6,2.338456375838926,1,Low Value Customer
13209,5891.61,4253,8,2.2679127725856696,0,Premium Customer
13210,353.48,316,1,1.5118181818181817,1,Low Value Customer
13211,1197.42,874,3,1.4396428571428572,1,Low Value Customer
13212,788.08,310,3,3.745211267605634,1,Low Value Customer
13213,1520.58,1360,5,2.7209999999999996,3,High Value Customer
13216,333.74,297,1,1.448,1,Low Value Customer
13217,533.98,262,3,2.38,1,Low Value Customer
13218,62.63999999999999,88,1,0.9299999999999999,1,Low Value Customer
13220,819.2900000000001,196,4,4.531904761904762,2,Regular Customer
13221,847.41,244,2,5.01439393939394,2,Regular Customer
13223,163.20000000000002,88,2,1.9600000000000002,1,Low Value Customer
13224,2155.95,1518,2,2.3142592592592592,1,Low Value Customer
13225,6463.84,3416,7,2.3603125,3,High Value Customer
13226,108.21000000000001,80,1,2.711875,1,Low Value Customer
13227,257.7,99,1,2.5999999999999996,1,Low Value Customer
13228,358.0,200,1,1.79,1,Low Value Customer
13229,160.95,63,1,4.0600000000000005,1,Low Value Customer
13230,2806.97,1665,14,2.399050736497545,3,High Value Customer
13232,1357.6,778,7,3.2770531400966183,3,High Value Customer
13233,605.12,1004,2,0.737906976744186,1,Low Value Customer
13235,1031.07,441,1,2.7143103448275863,1,Low Value Customer
13236,744.85,416,2,4.0344444444444445,1,Low Value Customer
13238,700.73,298,4,4.110645161290323,1,Low Value Customer
13239,329.56,327,1,1.590952380952381,1,Low Value Customer
13240,663.65,298,4,3.3132835820895523,1,Low Value Customer
13242,270.40000000000003,130,3,2.08,1,Low Value Customer
13243,600.07,233,1,3.6174137931034482,1,Low Value Customer
13244,121.74000000000001,38,1,3.747777777777778,1,Low Value Customer
13245,430.5,125,1,6.23125,2,Regular Customer
13246,1987.3,1602,6,1.851418439716312,3,High Value Customer
13247,501.12,328,4,2.1075999999999997,1,Low Value Customer
13248,465.68,305,2,2.6873076923076926,1,Low Value Customer
13249,711.41,546,3,3.430869565217391,1,Low Value Customer
13253,1030.4,1572,2,1.1419444444444444,1,Low Value Customer
13255,399.51,177,2,4.96,2,Regular Customer
13258,698.58,287,3,3.663684210526316,1,Low Value Customer
13259,292.32,132,1,2.308390804597701,1,Low Value Customer
13260,557.62,142,1,4.9675,2,Regular Customer
13261,944.1,210,2,5.488888888888889,2,Regular Customer
13262,200.29,125,1,3.092727272727273,1,Low Value Customer
13265,2107.66,1752,5,2.3726373626373625,3,High Value Customer
13266,3834.2599999999998,4428,12,1.9028877005347595,0,Premium Customer
13267,4521.49,1969,19,3.5107582938388626,3,High Value Customer
13268,3214.69,3658,11,1.5559545454545454,3,High Value Customer
13269,5346.2300000000005,3514,15,2.545474683544304,0,Premium Customer
13270,590.0,200,1,2.95,1,Low Value Customer
13271,217.38,253,1,1.1966666666666665,1,Low Value Customer
13272,276.56,96,2,5.339333333333333,2,Regular Customer
13273,138.98,153,1,1.298125,1,Low Value Customer
13276,590.9300000000001,161,2,5.097666666666667,2,Regular Customer
13277,258.4,176,4,1.45,1,Low Value Customer
13278,542.73,537,1,1.9269565217391305,1,Low Value Customer
13279,137.75,73,1,2.6033333333333335,1,Low Value Customer
13280,814.86,522,3,2.6203529411764706,1,Low Value Customer
13282,1132.14,307,3,4.676216216216217,2,Regular Customer
13283,93.66,90,2,1.3071428571428572,1,Low Value Customer
13284,201.19,91,1,4.397692307692308,2,Regular Customer
13285,2709.12,2051,4,2.1348663101604277,3,High Value Customer
13291,361.11,233,1,2.6642857142857146,1,Low Value Customer
13292,578.9399999999999,347,2,3.7332258064516126,1,Low Value Customer
13294,873.74,453,2,3.6888888888888887,1,Low Value Customer
13295,201.20000000000002,82,1,3.4899999999999998,1,Low Value Customer
13296,87.4,78,1,2.408,1,Low Value Customer
13297,2089.85,963,4,2.977966101694915,1,Low Value Customer
13298,360.0,96,1,3.75,1,Low Value Customer
13299,142.5,30,1,4.75,2,Regular Customer
13300,371.89,203,1,2.3865,1,Low Value Customer
13301,618.09,345,4,2.637654320987654,1,Low Value Customer
13302,63.75,5,1,12.75,2,Regular Customer
13304,300.42,238,1,3.161904761904762,1,Low Value Customer
13305,2000.86,1232,10,3.3620987654320986,3,High Value Customer
13307,15.0,4,1,3.75,1,Low Value Customer
13308,1385.51,843,3,3.0190740740740742,1,Low Value Customer
13309,1456.79,1544,5,1.6181308411214952,3,High Value Customer
13310,1132.03,587,3,3.2480555555555557,1,Low Value Customer
13311,598.57,305,2,4.1207692307692305,1,Low Value Customer
13313,1555.32,851,5,2.132307692307692,1,Low Value Customer
13314,775.94,560,3,3.1879032258064517,1,Low Value Customer
13316,5977.7300000000005,6948,4,2.504022988505747,0,Premium Customer
13317,2273.68,1035,6,4.001209677419355,3,High Value Customer
13318,640.76,304,3,2.857,1,Low Value Customer
13319,10845.550000000001,4724,26,3.273970588235294,0,Premium Customer
13320,1548.7,1096,4,1.8131132075471699,1,Low Value Customer
13321,567.36,372,2,2.1245454545454545,1,Low Value Customer
13322,199.48000000000002,117,1,2.7704000000000004,1,Low Value Customer
13323,787.85,175,5,4.55,2,Regular Customer
13324,7121.95,5205,10,2.7862666666666667,0,Premium Customer
13325,675.3,240,1,3.0283333333333338,1,Low Value Customer
13327,3627.77,1600,8,2.772222222222222,3,High Value Customer
13328,1308.48,680,1,1.8776470588235292,1,Low Value Customer
13329,789.0,463,2,2.2535294117647062,1,Low Value Customer
13330,1140.93,751,3,2.020377358490566,1,Low Value Customer
13332,350.9,179,1,3.0352380952380953,1,Low Value Customer
13334,3536.82,1774,3,2.926119402985075,3,High Value Customer
13336,795.12,559,1,2.5023529411764707,1,Low Value Customer
13338,487.02,256,1,6.575263157894737,2,Regular Customer
13339,860.12,326,1,5.235555555555556,2,Regular Customer
13340,10736.48,5770,7,2.760223880597015,0,Premium Customer
13341,775.85,301,1,4.182142857142857,1,Low Value Customer
13343,353.43,135,1,6.25421052631579,2,Regular Customer
13344,2543.72,971,3,5.008487394957983,2,Regular Customer
13345,389.5,141,1,5.6450000000000005,2,Regular Customer
13347,341.36,205,1,7.52,2,Regular Customer
13348,233.76,136,1,2.2057142857142855,1,Low Value Customer
13349,247.32,225,1,4.02625,1,Low Value Customer
13350,979.12,287,2,8.31575,2,Regular Customer
13351,373.94,117,1,6.498125,2,Regular Customer
13352,397.97999999999996,321,1,3.779583333333333,1,Low Value Customer
13354,743.53,604,1,1.8486274509803922,1,Low Value Customer
13355,674.7,314,1,2.7259375,1,Low Value Customer
13356,768.24,325,1,4.316190476190476,2,Regular Customer
13357,609.95,322,1,2.9174444444444445,1,Low Value Customer
13358,439.03,285,1,5.006551724137931,2,Regular Customer
13359,439.56,161,1,5.8,2,Regular Customer
13362,3090.7400000000002,1382,4,3.499277108433735,3,High Value Customer
13363,992.5,710,2,3.8373333333333335,1,Low Value Customer
13364,134.95999999999998,71,1,2.598,1,Low Value Customer
13365,2225.37,1247,2,3.115703125,1,Low Value Customer
13366,56.160000000000004,144,1,0.39,1,Low Value Customer
13368,623.4,327,2,4.917586206896552,2,Regular Customer
13369,308.28000000000003,149,1,6.5442857142857145,2,Regular Customer
13370,754.87,343,1,3.7279487179487183,1,Low Value Customer
13372,378.64,159,1,6.020434782608696,2,Regular Customer
13373,3312.25,1651,3,3.27006329113924,3,High Value Customer
13375,778.65,442,1,3.137567567567568,1,Low Value Customer
13376,1019.76,493,3,5.379811320754717,2,Regular Customer
13379,572.56,601,3,1.7503092783505154,1,Low Value Customer
13381,3639.31,2029,6,3.0504069767441857,3,High Value Customer
13382,222.99,131,1,2.7520000000000002,1,Low Value Customer
13384,4151.93,2422,7,3.173223684210526,3,High Value Customer
13385,534.57,281,1,4.533142857142857,2,Regular Customer
13388,677.1,282,2,4.5608571428571425,2,Regular Customer
13389,797.96,429,3,3.844901960784314,1,Low Value Customer
13390,544.08,224,1,3.060769230769231,1,Low Value Customer
13394,2520.02,2392,8,1.6380000000000001,3,High Value Customer
13395,307.72,336,1,2.7238095238095235,1,Low Value Customer
13396,1360.99,600,2,3.8948837209302325,1,Low Value Customer
13397,1544.13,430,5,4.0,1,Low Value Customer
13398,457.34,281,1,3.4296153846153845,1,Low Value Customer
13402,621.23,479,2,1.97974358974359,1,Low Value Customer
13403,75.0,44,1,2.9166666666666665,1,Low Value Customer
13404,252.49,111,2,2.900909090909091,1,Low Value Customer
13405,572.451,165,3,5.427814814814814,2,Regular Customer
13410,1003.06,518,5,2.440714285714286,1,Low Value Customer
13411,213.55,72,1,3.263888888888889,1,Low Value Customer
13414,1390.5,1574,3,1.8404166666666668,1,Low Value Customer
13416,712.5,142,2,5.455263157894737,2,Regular Customer
13417,640.83,162,2,6.356428571428571,2,Regular Customer
13418,6127.43,3918,18,2.9381578947368423,0,Premium Customer
13419,221.06,275,1,1.011875,1,Low Value Customer
13420,159.85,101,2,3.5425,1,Low Value Customer
13421,1851.08,1181,2,2.088461538461538,1,Low Value Customer
13422,2626.3,1326,1,3.0306299212598424,1,Low Value Customer
13425,1624.21,1123,3,2.634102564102564,1,Low Value Customer
13426,3641.32,2245,10,1.8858598726114648,3,High Value Customer
13427,582.6,545,3,1.6500000000000001,1,Low Value Customer
13428,218.47,156,1,1.9724324324324325,1,Low Value Customer
13429,1006.8,1390,4,1.2207462686567165,1,Low Value Customer
13430,679.45,751,2,1.6575510204081632,1,Low Value Customer
13431,1269.1,672,2,3.2167391304347825,1,Low Value Customer
13434,534.24,300,2,1.652,1,Low Value Customer
13435,3809.8900000000003,2129,7,2.935247524752475,3,High Value Customer
13436,196.89,76,1,5.829999999999999,2,Regular Customer
13437,3408.06,1283,7,4.8889820359281435,3,High Value Customer
13439,283.71,242,1,1.7253703703703704,1,Low Value Customer
13441,296.64,204,1,1.926153846153846,1,Low Value Customer
13447,1129.14,584,3,3.139830508474576,1,Low Value Customer
13448,3539.37,1660,6,3.182205128205128,3,High Value Customer
13449,291.88,222,1,1.924736842105263,1,Low Value Customer
13450,2043.7199999999998,1982,6,1.5401408450704224,3,High Value Customer
13451,2976.15,2149,5,2.1018284424379234,3,High Value Customer
13453,356.97999999999996,134,2,4.546470588235294,2,Regular Customer
13455,1058.34,354,2,4.624347826086956,2,Regular Customer
13456,1766.72,765,6,3.458730158730159,3,High Value Customer
13458,9646.57,5508,14,2.4352356020942407,0,Premium Customer
13460,183.44,286,2,1.06,1,Low Value Customer
13461,1445.0,1170,3,1.5685185185185186,1,Low Value Customer
13462,151.5,62,1,3.388888888888889,1,Low Value Customer
13464,674.68,403,1,3.205609756097561,1,Low Value Customer
13466,307.9,259,1,2.841764705882353,1,Low Value Customer
13467,1083.71,584,2,2.731818181818182,1,Low Value Customer
13470,165.0,100,2,1.65,1,Low Value Customer
13471,2531.58,1590,4,2.5075384615384615,3,High Value Customer
13473,422.64,266,2,3.728095238095238,1,Low Value Customer
13474,229.59,132,1,2.32265625,1,Low Value Customer
13475,1431.78,1012,4,2.8886046511627907,1,Low Value Customer
13476,1238.47,417,2,8.79551724137931,2,Regular Customer
13477,1454.58,1021,6,2.530886075949367,3,High Value Customer
13479,300.95,134,2,4.6466666666666665,2,Regular Customer
13481,1804.56,1142,5,2.2855963302752293,3,High Value Customer
13482,184.64,116,1,2.439090909090909,1,Low Value Customer
13483,140.34,160,1,1.0559999999999998,1,Low Value Customer
13484,313.8,44,1,7.5,2,Regular Customer
13485,454.24,277,1,2.425217391304348,1,Low Value Customer
13486,1122.41,669,3,2.9099999999999997,1,Low Value Customer
13487,575.4,265,3,4.451176470588235,2,Regular Customer
13488,8968.31,4518,13,3.4669194312796208,0,Premium Customer
13489,449.52,560,4,1.417142857142857,1,Low Value Customer
13491,1215.82,903,10,3.372093023255814,3,High Value Customer
13492,1269.84,408,3,4.5016,2,Regular Customer
13493,618.63,380,2,12.89625,2,Regular Customer
13494,316.26000000000005,162,1,3.665,1,Low Value Customer
13495,2044.8700000000001,829,5,2.5783333333333336,1,Low Value Customer
13496,653.33,341,2,3.108285714285714,1,Low Value Customer
13497,348.05,163,2,2.973684210526316,1,Low Value Customer
13499,1159.11,1365,5,2.131666666666667,1,Low Value Customer
13500,1166.77,609,3,3.627076923076923,1,Low Value Customer
13501,1340.32,560,1,3.7321153846153843,1,Low Value Customer
13502,292.0,264,3,1.7977777777777777,1,Low Value Customer
13503,216.85,248,1,2.1811764705882353,1,Low Value Customer
13504,295.93,178,1,3.7018181818181817,1,Low Value Customer
13505,4393.63,2486,4,3.2970232558139534,3,High Value Customer
13506,458.52,324,2,2.8611538461538464,1,Low Value Customer
13507,2479.16,1597,4,3.3541975308641976,3,High Value Customer
13508,110.97,24,1,5.1925,2,Regular Customer
13509,979.72,1106,7,1.3643181818181818,3,High Value Customer
13510,1791.56,1386,4,2.385913043478261,1,Low Value Customer
13512,251.21,143,1,4.1353333333333335,1,Low Value Customer
13513,205.1,109,1,3.685,1,Low Value Customer
13514,152.20000000000002,40,1,4.175000000000001,1,Low Value Customer
13515,891.12,681,4,2.1654237288135594,1,Low Value Customer
13516,1389.41,985,3,2.9477272727272723,1,Low Value Customer
13517,2128.42,1369,3,2.921631205673759,1,Low Value Customer
13518,659.4399999999999,392,1,2.7518421052631576,1,Low Value Customer
13519,122.75,23,1,6.34375,2,Regular Customer
13520,3624.35,1649,6,4.549462365591398,3,High Value Customer
13521,1093.65,736,3,1.8141743119266056,1,Low Value Customer
13522,125.80000000000001,44,1,3.2700000000000005,1,Low Value Customer
13523,3964.88,1752,5,6.2013372093023245,3,High Value Customer
13524,680.1800000000001,324,5,3.4651851851851854,1,Low Value Customer
13525,628.78,394,2,3.901666666666667,1,Low Value Customer
13527,2287.51,1692,7,2.858340807174888,3,High Value Customer
13529,307.76,74,2,5.598666666666667,2,Regular Customer
13531,483.8,174,2,4.539545454545455,2,Regular Customer
13532,210.31,129,1,2.223181818181818,1,Low Value Customer
13533,270.79,204,3,1.9332894736842106,1,Low Value Customer
13534,5870.08,2961,25,2.811013513513514,0,Premium Customer
13536,3448.29,2136,7,3.2182681564245814,3,High Value Customer
13538,1280.85,175,7,7.4764,2,Regular Customer
13539,631.34,320,3,4.195135135135135,1,Low Value Customer
13544,291.41,127,2,2.943448275862069,1,Low Value Customer
13546,626.99,359,3,2.204285714285714,1,Low Value Customer
13548,682.41,441,2,2.8149193548387097,1,Low Value Customer
13549,918.2,458,7,3.5321568627450985,1,Low Value Customer
13551,91.80000000000001,12,1,7.65,2,Regular Customer
13552,3740.07,1417,12,3.9112844036697245,3,High Value Customer
13555,4149.28,2660,4,2.388235294117647,3,High Value Customer
13557,584.06,546,2,1.4773529411764705,1,Low Value Customer
13558,605.06,344,4,2.2094857142857145,1,Low Value Customer
13560,174.37,64,1,2.9854545454545454,1,Low Value Customer
13561,141.85999999999999,83,1,3.5464285714285713,1,Low Value Customer
13562,1799.33,757,3,3.83719512195122,1,Low Value Customer
13563,777.53,209,2,8.512857142857143,2,Regular Customer
13564,1749.02,661,3,10.248795180722892,2,Regular Customer
13565,240.22,172,2,1.7186842105263158,1,Low Value Customer
13566,874.71,575,2,1.8909090909090909,1,Low Value Customer
13568,192.85,70,1,3.001136363636364,1,Low Value Customer
13569,373.75,164,2,3.1531764705882352,1,Low Value Customer
13570,239.49,161,1,2.102592592592593,1,Low Value Customer
13571,2092.32,1759,12,1.7267741935483871,3,High Value Customer
13572,1384.25,534,1,4.502424242424243,2,Regular Customer
13573,294.4,303,2,3.5473076923076925,1,Low Value Customer
13575,732.0699999999999,449,5,2.1478260869565218,1,Low Value Customer
13576,6717.34,2646,18,3.223492063492064,0,Premium Customer
13577,1687.6000000000001,791,4,3.086987951807229,1,Low Value Customer
13579,467.04,176,2,4.260434782608695,1,Low Value Customer
13581,118.0,30,1,4.48,2,Regular Customer
13583,781.03,725,1,2.0120754716981133,1,Low Value Customer
13584,142.4,37,1,4.164583333333333,1,Low Value Customer
13587,712.4,180,1,6.63625,2,Regular Customer
13588,2478.95,2606,9,1.376494252873563,3,High Value Customer
13589,379.65,114,2,6.701428571428571,2,Regular Customer
13590,1981.92,1848,6,1.8458620689655172,3,High Value Customer
13591,1117.13,485,3,3.979310344827586,1,Low Value Customer
13592,247.95999999999998,84,4,6.26,2,Regular Customer
13593,2037.0800000000002,731,5,4.3735156250000005,2,Regular Customer
13594,396.97,359,1,1.5953846153846152,1,Low Value Customer
13596,697.04,406,2,2.282951807228916,1,Low Value Customer
13598,180.17000000000002,58,1,3.3560000000000003,1,Low Value Customer
13599,5153.67,3294,21,2.7971659919028338,0,Premium Customer
13600,219.52,324,1,3.0642105263157893,1,Low Value Customer
13601,693.32,548,2,1.8624242424242423,1,Low Value Customer
13602,428.89,267,1,2.0608695652173914,1,Low Value Customer
13603,164.34,164,1,2.111851851851852,1,Low Value Customer
13606,280.53999999999996,279,3,2.2688372093023257,1,Low Value Customer
13607,678.01,290,1,3.150612244897959,1,Low Value Customer
13610,1131.88,516,7,2.8789823008849558,1,Low Value Customer
13611,1171.8,766,3,2.35472972972973,1,Low Value Customer
13614,1610.46,570,4,3.7748756218905473,1,Low Value Customer
13615,417.69,189,1,3.387391304347826,1,Low Value Customer
13617,544.18,300,3,2.789772727272727,1,Low Value Customer
13618,177.34,246,1,1.0353846153846153,1,Low Value Customer
13621,213.85,343,1,1.1289473684210527,1,Low Value Customer
13623,747.78,294,5,3.594444444444444,1,Low Value Customer
13626,257.23,209,1,2.1405263157894736,1,Low Value Customer
13627,1638.47,1269,5,2.9745652173913046,3,High Value Customer
13629,7792.36,4372,11,2.3242372881355933,0,Premium Customer
13630,2031.78,1391,7,2.003098591549296,3,High Value Customer
13631,3070.42,467,11,6.16090909090909,3,High Value Customer
13632,2121.27,1037,5,3.1735616438356162,3,High Value Customer
13634,1575.16,704,5,3.3305851063829786,1,Low Value Customer
13635,1071.03,677,1,2.405806451612903,1,Low Value Customer
13636,949.12,592,5,3.785396825396825,1,Low Value Customer
13637,810.5,409,3,2.365841584158416,1,Low Value Customer
13638,122.64,93,1,2.9925,1,Low Value Customer
13639,1033.34,800,1,1.443,1,Low Value Customer
13642,354.8,173,1,3.251212121212121,1,Low Value Customer
13643,519.44,273,3,2.394642857142857,1,Low Value Customer
13644,2624.26,2067,4,3.043013698630137,3,High Value Customer
13645,252.1,158,1,3.3699999999999997,1,Low Value Customer
13647,1678.1200000000001,895,4,3.3203797468354432,1,Low Value Customer
13649,346.6,139,2,3.191304347826087,1,Low Value Customer
13650,1836.34,922,6,3.1525,3,High Value Customer
13651,94.2,33,2,6.058333333333334,2,Regular Customer
13652,1095.08,578,3,3.1233333333333335,1,Low Value Customer
13654,2707.33,2182,6,2.5266867469879517,3,High Value Customer
13655,932.97,605,2,3.3296428571428573,1,Low Value Customer
13656,379.65,490,2,1.7189795918367348,1,Low Value Customer
13657,382.14,209,2,2.993125,1,Low Value Customer
13658,2639.17,1019,5,4.0226851851851855,3,High Value Customer
13659,1573.2,894,2,3.8291346153846155,1,Low Value Customer
13662,897.76,543,3,3.2800000000000002,1,Low Value Customer
13663,189.47,91,1,4.5,2,Regular Customer
13666,84.65,41,3,3.7416666666666667,1,Low Value Customer
13667,305.02,154,1,2.4348275862068967,1,Low Value Customer
13668,6363.59,3742,21,2.976063829787234,0,Premium Customer
13669,218.55,237,2,2.7511111111111113,1,Low Value Customer
13670,349.7,282,1,1.8768,1,Low Value Customer
13672,186.39000000000001,57,2,4.463333333333334,2,Regular Customer
13673,396.92,119,2,3.301846153846154,1,Low Value Customer
13675,486.82000000000005,330,2,1.9028,1,Low Value Customer
13678,232.6,924,1,0.39375,1,Low Value Customer
13680,3722.42,1936,4,2.205230769230769,3,High Value Customer
13681,827.83,360,4,2.902456140350877,1,Low Value Customer
13682,59.5,10,1,7.083333333333333,2,Regular Customer
13684,67.23,39,1,1.7446666666666668,1,Low Value Customer
13685,3119.44,5056,7,0.7007692307692308,3,High Value Customer
13686,72.0,70,1,1.1625,1,Low Value Customer
13689,910.0,512,1,1.7,1,Low Value Customer
13690,172.25,67,1,5.972222222222222,2,Regular Customer
13692,1488.32,1226,3,2.5984905660377358,1,Low Value Customer
13695,2504.13,1603,15,2.646888888888889,3,High Value Customer
13697,151.29999999999998,177,1,1.3933333333333333,1,Low Value Customer
13699,308.58000000000004,66,1,6.3064285714285715,2,Regular Customer
13700,2265.12,2304,10,1.585736040609137,3,High Value Customer
13703,99.5,10,1,9.95,2,Regular Customer
13704,2308.06,1531,9,3.328805970149254,3,High Value Customer
13705,711.86,363,3,7.6085714285714285,2,Regular Customer
13706,330.79,189,1,2.774,1,Low Value Customer
13707,806.41,351,2,4.463333333333334,2,Regular Customer
13708,296.88,306,1,2.057450980392157,1,Low Value Customer
13709,6328.05,3516,13,3.551071428571429,0,Premium Customer
13710,180.48,176,1,1.16625,1,Low Value Customer
13711,252.06,140,2,3.7800000000000002,1,Low Value Customer
13712,228.84,352,1,1.2349999999999999,1,Low Value Customer
13715,1079.34,563,5,2.284761904761905,1,Low Value Customer
13716,138.28,138,1,1.4195238095238094,1,Low Value Customer
13717,1445.01,1959,6,2.0434313725490196,3,High Value Customer
13718,306.55,173,2,5.529166666666666,2,Regular Customer
13719,1041.68,609,5,3.266,1,Low Value Customer
13720,799.9,501,4,3.17906976744186,1,Low Value Customer
13721,524.14,316,1,2.8510714285714287,1,Low Value Customer
13722,2375.41,1401,3,2.8843529411764703,3,High Value Customer
13723,199.85000000000002,43,1,5.283333333333333,2,Regular Customer
13725,1980.56,806,8,4.336057692307692,3,High Value Customer
13726,1079.6599999999999,1054,2,1.0761904761904761,1,Low Value Customer
13727,333.48,162,2,2.941,1,Low Value Customer
13728,1016.14,458,6,5.451746031746032,2,Regular Customer
13730,752.6,488,2,3.238139534883721,1,Low Value Customer
13731,610.59,278,2,4.2894736842105265,1,Low Value Customer
13732,491.86,498,1,1.58,1,Low Value Customer
13735,2885.2400000000002,1130,4,4.036377551020408,3,High Value Customer
13736,731.9,497,2,2.177696335078534,1,Low Value Customer
13737,339.59999999999997,125,1,3.848666666666667,1,Low Value Customer
13739,216.9,54,1,5.483333333333333,2,Regular Customer
13740,350.75,425,1,1.5960869565217393,1,Low Value Customer
13741,668.4300000000001,218,3,5.225588235294118,2,Regular Customer
13742,3131.02,1124,12,4.103551401869159,3,High Value Customer
13743,1341.6,1776,7,1.1202439024390243,3,High Value Customer
13744,1156.36,1249,2,1.7072222222222222,1,Low Value Customer
13745,300.04,496,1,0.6456000000000001,1,Low Value Customer
13747,79.6,8,1,9.95,2,Regular Customer
13748,948.25,439,5,3.9964285714285714,1,Low Value Customer
13750,1647.26,516,5,5.020416666666667,2,Regular Customer
13751,296.25,152,1,3.5300000000000002,1,Low Value Customer
13752,1186.28,876,6,3.0701315789473687,1,Low Value Customer
13753,741.26,512,1,1.7942857142857143,1,Low Value Customer
13754,282.59999999999997,214,2,2.3375,1,Low Value Customer
13755,2161.35,1264,9,3.0728947368421053,3,High Value Customer
13756,5189.52,3188,14,2.7371126760563382,0,Premium Customer
13758,3190.55,1844,7,3.287948717948718,3,High Value Customer
13759,659.4100000000001,287,2,3.3627999999999996,1,Low Value Customer
13760,286.79,197,2,1.984561403508772,1,Low Value Customer
13761,1070.65,642,2,2.9494285714285717,1,Low Value Customer
13762,306.72,272,1,1.26,1,Low Value Customer
13763,1714.96,728,1,2.598,1,Low Value Customer
13764,1521.76,932,3,2.7239903846153846,1,Low Value Customer
13769,2796.51,1163,10,3.727777777777778,3,High Value Customer
13771,2634.45,1477,4,2.6267226890756303,3,High Value Customer
13772,1132.13,546,3,2.463898305084746,1,Low Value Customer
13774,345.0,192,1,3.290909090909091,1,Low Value Customer
13778,178.7,70,1,3.3,1,Low Value Customer
13780,360.01,318,2,2.5831578947368423,1,Low Value Customer
13781,127.84,30,1,4.557058823529411,2,Regular Customer
13782,912.0,371,6,3.508521739130435,1,Low Value Customer
13784,2462.79,2493,11,2.6380645161290324,3,High Value Customer
13786,230.39999999999998,136,1,1.8928571428571428,1,Low Value Customer
13787,309.04,337,2,2.4777419354838712,1,Low Value Customer
13790,348.8,748,1,0.7717777777777777,1,Low Value Customer
13791,1516.0,1200,2,1.2463636363636363,1,Low Value Customer
13792,195.55,92,2,3.5461538461538464,1,Low Value Customer
13799,688.86,402,2,2.1302564102564103,1,Low Value Customer
13800,558.32,331,1,2.553939393939394,1,Low Value Customer
13801,324.8,168,1,3.9543478260869565,1,Low Value Customer
13802,4599.42,2572,3,2.6631666666666667,3,High Value Customer
13803,277.07,121,1,2.922941176470588,1,Low Value Customer
13804,2635.79,1498,7,3.0835036496350363,3,High Value Customer
13805,924.6,1900,2,0.5930769230769231,1,Low Value Customer
13806,256.38,56,1,5.233,2,Regular Customer
13807,112.6,36,1,5.1499999999999995,2,Regular Customer
13808,1747.66,782,5,3.7531578947368422,1,Low Value Customer
13809,155.05,29,1,7.108333333333333,2,Regular Customer
13812,539.0,333,3,3.586111111111111,1,Low Value Customer
13813,1366.8600000000001,552,4,4.282608695652174,1,Low Value Customer
13814,1579.12,864,2,3.020701754385965,1,Low Value Customer
13815,4027.36,2560,4,2.566875,3,High Value Customer
13816,571.6700000000001,269,2,4.742142857142857,2,Regular Customer
13817,382.98,211,2,3.219583333333333,1,Low Value Customer
13819,1140.35,1109,3,2.003611111111111,1,Low Value Customer
13821,385.64,153,2,3.2916949152542374,1,Low Value Customer
13822,632.0,611,2,1.7905208333333331,1,Low Value Customer
13823,957.66,439,2,3.9204999999999997,1,Low Value Customer
13824,1698.94,768,5,2.7528260869565218,1,Low Value Customer
13826,189.5,82,1,5.7299999999999995,2,Regular Customer
13827,412.05,141,3,3.7441935483870967,1,Low Value Customer
13828,209.49,311,1,1.9046666666666667,1,Low Value Customer
13831,2202.99,745,6,3.957432432432433,3,High Value Customer
13832,52.199999999999996,28,1,2.283333333333333,1,Low Value Customer
13833,384.8,118,1,4.8999999999999995,2,Regular Customer
13835,834.57,442,4,3.2005454545454546,1,Low Value Customer
13837,271.24,183,2,2.1978947368421053,1,Low Value Customer
13838,691.73,263,4,3.102528735632184,1,Low Value Customer
13841,85.0,100,1,0.85,1,Low Value Customer
13842,3385.62,1768,9,4.044271844660194,3,High Value Customer
13844,361.62,196,1,2.4605,1,Low Value Customer
13845,312.98,182,1,1.9544444444444444,1,Low Value Customer
13846,865.0600000000001,388,3,3.524909090909091,1,Low Value Customer
13848,1255.0,3700,3,0.462,3,High Value Customer
13849,1537.95,1016,2,3.023960396039604,1,Low Value Customer
13850,1595.48,944,1,2.4186021505376343,1,Low Value Customer
13851,2651.46,1705,3,2.238888888888889,3,High Value Customer
13853,1090.14,312,1,4.546086956521739,2,Regular Customer
13854,8109.5199999999995,2296,25,4.628363636363637,0,Premium Customer
13856,388.5,494,3,1.06,1,Low Value Customer
13858,216.17,75,1,4.335454545454545,2,Regular Customer
13859,201.16,129,1,2.887857142857143,1,Low Value Customer
13860,1245.9,591,5,3.514605263157895,1,Low Value Customer
13862,2209.36,1688,8,1.6970503597122304,3,High Value Customer
13863,305.78,224,1,2.5965,1,Low Value Customer
13865,501.56,204,4,3.902333333333333,1,Low Value Customer
13866,145.67000000000002,57,1,3.375714285714286,1,Low Value Customer
13867,1015.29,513,3,3.9440983606557376,1,Low Value Customer
13868,3192.54,1964,2,1.8542424242424242,3,High Value Customer
13869,3104.95,1721,4,2.9445928338762215,3,High Value Customer
13870,2770.94,1325,8,3.378608695652174,3,High Value Customer
13871,6403.25,2806,13,3.7608928571428573,0,Premium Customer
13873,389.6,140,3,4.609565217391304,2,Regular Customer
13874,540.45,180,1,5.5055555555555555,2,Regular Customer
13875,1786.79,1316,5,1.9584615384615385,3,High Value Customer
13876,122.7,36,1,5.114285714285714,2,Regular Customer
13877,117.24,108,1,1.1766666666666665,1,Low Value Customer
13878,1281.53,475,1,4.655277777777778,2,Regular Customer
13880,3219.77,1842,13,2.68830303030303,3,High Value Customer
13881,17159.52,10118,20,2.6765168539325845,0,Premium Customer
13882,1191.13,953,5,3.381846153846154,1,Low Value Customer
13883,2674.48,1436,5,3.3760563380281687,3,High Value Customer
13884,787.6,300,5,3.5635593220338984,1,Low Value Customer
13885,506.8,182,2,3.960714285714286,1,Low Value Customer
13886,243.56,126,1,3.805,1,Low Value Customer
13887,349.55,147,1,3.8542105263157898,1,Low Value Customer
13888,605.63,258,2,4.1217500000000005,1,Low Value Customer
13889,416.90000000000003,146,1,3.8333333333333335,1,Low Value Customer
13890,1883.8100000000002,831,10,3.4015454545454546,3,High Value Customer
13892,632.97,983,4,1.1092592592592592,1,Low Value Customer
13893,821.1,190,1,6.199999999999999,2,Regular Customer
13894,564.62,354,3,2.6707407407407406,1,Low Value Customer
13895,2593.07,1365,4,2.9353389830508476,3,High Value Customer
13897,311.16,200,1,1.9476470588235293,1,Low Value Customer
13898,155.93,133,1,2.6141666666666667,1,Low Value Customer
13899,388.52,156,2,3.0310526315789477,1,Low Value Customer
13900,740.95,430,3,3.113720930232558,1,Low Value Customer
13901,2867.2,1739,5,3.7404697986577182,3,High Value Customer
13904,332.64,332,2,1.323846153846154,1,Low Value Customer
13908,2369.55,1478,4,2.867540983606557,3,High Value Customer
13911,2580.91,2731,9,2.389189189189189,3,High Value Customer
13914,626.45,380,2,2.5521212121212122,1,Low Value Customer
13917,272.04,228,2,2.022222222222222,1,Low Value Customer
13918,1212.8400000000001,1140,2,2.1853333333333333,1,Low Value Customer
13919,384.81,474,2,2.8360714285714286,1,Low Value Customer
13922,172.25,93,1,4.988571428571428,2,Regular Customer
13923,351.13,185,1,2.9745,1,Low Value Customer
13924,1838.8500000000001,1575,6,2.6076068376068373,3,High Value Customer
13925,678.25,331,4,5.914390243902439,2,Regular Customer
13926,223.85000000000002,104,1,6.533636363636364,2,Regular Customer
13927,348.99,214,1,2.6957142857142857,1,Low Value Customer
13928,464.57,129,4,5.767407407407408,2,Regular Customer
13929,842.65,143,2,5.294444444444444,2,Regular Customer
13930,337.34,274,2,1.6405882352941177,1,Low Value Customer
13931,1237.53,725,2,2.0460344827586208,1,Low Value Customer
13932,307.4,72,1,6.103125,2,Regular Customer
13933,608.7900000000001,205,2,3.460434782608696,1,Low Value Customer
13934,922.1,390,1,3.1870967741935483,1,Low Value Customer
13936,376.58,330,1,1.5419230769230767,1,Low Value Customer
13937,158.85,123,1,1.6944444444444444,1,Low Value Customer
13938,71.66,70,1,1.012857142857143,1,Low Value Customer
13939,568.55,847,3,1.1835555555555555,1,Low Value Customer
13940,839.14,516,4,3.121428571428571,1,Low Value Customer
13941,5112.96,2364,5,3.8584444444444443,3,High Value Customer
13946,561.5699999999999,443,3,1.679090909090909,1,Low Value Customer
13947,90.6,44,1,2.93,1,Low Value Customer
13948,102.0,40,1,3.9499999999999997,1,Low Value Customer
13949,2427.32,2474,6,1.456625,3,High Value Customer
13950,745.06,323,4,4.589714285714285,2,Regular Customer
13951,674.45,459,3,3.4892307692307694,1,Low Value Customer
13952,3251.071,1431,2,3.9832919708029197,3,High Value Customer
13953,3515.68,2724,7,2.293,3,High Value Customer
13954,439.92,150,2,5.4508,2,Regular Customer
13955,322.96,154,2,3.016060606060606,1,Low Value Customer
13956,1026.42,491,5,3.4226973684210527,1,Low Value Customer
13959,598.2,357,3,2.2039130434782606,1,Low Value Customer
13960,230.22,142,2,2.105,1,Low Value Customer
13962,169.55,87,2,7.019090909090909,2,Regular Customer
13963,664.54,460,4,3.2680000000000002,1,Low Value Customer
13967,80.7,42,1,3.6,1,Low Value Customer
13969,9053.94,4542,18,2.954297124600639,0,Premium Customer
13971,2758.26,1844,8,2.225167785234899,3,High Value Customer
13972,190.25,187,2,2.546,1,Low Value Customer
13973,264.7,109,1,3.7563636363636363,1,Low Value Customer
13974,413.59000000000003,249,1,2.1967857142857143,1,Low Value Customer
13975,2526.28,1732,6,2.1954142011834317,3,High Value Customer
13976,357.98,154,1,3.568,1,Low Value Customer
13978,196.79000000000002,315,2,1.2106666666666668,1,Low Value Customer
13979,869.87,639,1,1.8322222222222222,1,Low Value Customer
13980,200.14,172,1,3.9145454545454546,1,Low Value Customer
13982,1871.81,1136,4,2.232072072072072,1,Low Value Customer
13983,2603.43,1183,12,6.329999999999999,3,High Value Customer
13984,920.51,679,5,2.10875,1,Low Value Customer
13985,7060.13,3445,15,2.384498567335244,0,Premium Customer
13986,320.46,430,1,1.8615384615384616,1,Low Value Customer
13988,4147.96,3044,6,2.99974358974359,3,High Value Customer
13989,1266.08,1313,2,2.6253658536585367,1,Low Value Customer
13990,311.3,190,1,2.66,1,Low Value Customer
13991,855.97,998,6,1.4925000000000002,1,Low Value Customer
13992,76.8,64,1,1.17,1,Low Value Customer
13993,3466.36,900,9,5.586942148760331,3,High Value Customer
13994,2313.14,940,6,3.8118064516129033,3,High Value Customer
13995,1393.69,879,5,2.227558139534884,1,Low Value Customer
13999,3901.81,2243,12,2.274903846153846,3,High Value Customer
14000,635.66,710,1,1.9493333333333334,1,Low Value Customer
14001,2043.0800000000002,962,3,3.536153846153846,1,Low Value Customer
14002,529.73,877,2,2.411489361702128,1,Low Value Customer
14004,4582.64,2668,7,2.8440350877192984,3,High Value Customer
14005,2874.72,2478,5,2.205238095238095,3,High Value Customer
14006,962.19,641,3,2.3706666666666667,1,Low Value Customer
14009,695.61,365,2,2.822142857142857,1,Low Value Customer
14012,328.8,160,1,2.8318181818181816,1,Low Value Customer
14013,473.02,462,3,1.3817647058823528,1,Low Value Customer
14014,505.18,1076,1,0.5679487179487179,1,Low Value Customer
14015,917.34,378,1,3.107,1,Low Value Customer
14016,4341.21,2125,4,3.9495652173913043,3,High Value Customer
14019,1421.61,1037,3,2.4148484848484846,1,Low Value Customer
14020,642.8,441,2,2.848974358974359,1,Low Value Customer
14021,631.9,192,3,4.502272727272727,2,Regular Customer
14022,440.0,487,1,1.2953571428571429,1,Low Value Customer
14023,584.07,345,2,2.870967741935484,1,Low Value Customer
14024,327.7,150,2,3.70125,1,Low Value Customer
14027,104.82,62,1,2.143333333333333,1,Low Value Customer
14029,467.66,198,2,4.366,2,Regular Customer
14030,2360.09,1479,8,4.054444444444445,3,High Value Customer
14031,17286.86,5788,19,4.32708,0,Premium Customer
14032,2975.59,2032,11,2.38993006993007,3,High Value Customer
14034,651.8199999999999,423,3,2.354494382022472,1,Low Value Customer
14035,1428.02,739,5,2.81030303030303,1,Low Value Customer
14036,626.65,268,1,4.371842105263158,2,Regular Customer
14037,147.20000000000002,46,2,3.460714285714286,1,Low Value Customer
14038,1560.38,965,3,1.917717391304348,1,Low Value Customer
14039,152.2,92,1,2.033333333333333,1,Low Value Customer
14040,3614.92,1554,12,3.8171063829787233,3,High Value Customer
14041,141.41,94,1,1.870952380952381,1,Low Value Customer
14044,652.82,308,4,2.5656937799043065,1,Low Value Customer
14045,1659.75,535,4,4.233333333333333,1,Low Value Customer
14046,154.99,460,1,0.5407142857142857,1,Low Value Customer
14047,1308.6100000000001,381,5,4.8353125,2,Regular Customer
14048,409.93,288,1,2.1890588235294115,1,Low Value Customer
14049,5681.72,3870,4,2.570655737704918,3,High Value Customer
14050,746.36,689,2,1.5387037037037037,1,Low Value Customer
14051,15610.390000000001,3756,23,4.660714285714286,0,Premium Customer
14052,225.36,89,1,2.882142857142857,1,Low Value Customer
14053,260.25,215,2,1.3775,1,Low Value Customer
14054,92.46,62,1,1.5133333333333334,1,Low Value Customer
14055,725.6400000000001,216,1,4.453,2,Regular Customer
14056,8214.65,4273,23,2.8268083182640145,0,Premium Customer
14057,6217.96,4876,17,1.9360211267605636,0,Premium Customer
14059,183.6,128,1,2.3125,1,Low Value Customer
14060,6140.42,5386,19,1.4406930693069306,0,Premium Customer
14062,10464.85,5593,12,2.8256756756756753,0,Premium Customer
14064,1353.74,1788,5,1.58,3,High Value Customer
14066,152.55,45,1,4.364285714285715,2,Regular Customer
14067,374.7,361,2,2.8625,1,Low Value Customer
14068,265.85,73,1,4.091666666666667,1,Low Value Customer
14071,1438.82,995,8,2.4038271604938273,3,High Value Customer
14073,151.04,130,1,2.1415384615384614,1,Low Value Customer
14075,942.26,754,3,1.8132558139534884,1,Low Value Customer
14076,122.47,81,1,2.009130434782609,1,Low Value Customer
14077,499.41999999999996,268,5,2.665952380952381,1,Low Value Customer
14078,1049.37,310,6,2.6804615384615382,1,Low Value Customer
14079,375.1,301,1,3.2733333333333334,1,Low Value Customer
14080,45.599999999999994,48,1,0.95,1,Low Value Customer
14081,934.52,596,2,3.0334640522875818,1,Low Value Customer
14082,182.25,110,1,2.587586206896552,1,Low Value Customer
14083,1018.43,732,9,2.806243093922652,3,High Value Customer
14085,4448.54,3184,18,2.401177777777778,0,Premium Customer
14087,194.42,251,1,1.4207246376811595,1,Low Value Customer
14089,161.0,134,1,2.207142857142857,1,Low Value Customer
14090,76.32000000000001,72,1,1.06,1,Low Value Customer
14092,4076.91,2066,14,2.7328971962616824,3,High Value Customer
14093,442.85,406,1,1.4897142857142855,1,Low Value Customer
14098,147.35,104,1,1.7047619047619047,1,Low Value Customer
14099,3104.17,2179,11,2.59356,3,High Value Customer
14100,194.9,64,1,3.388461538461539,1,Low Value Customer
14101,5976.79,6942,6,1.73,0,Premium Customer
14102,1360.28,961,5,2.0744303797468353,1,Low Value Customer
14104,216.20999999999998,72,2,7.933809523809523,2,Regular Customer
14105,1266.23,800,1,2.9174324324324328,1,Low Value Customer
14107,2703.23,1793,7,2.6591056910569106,3,High Value Customer
14108,597.91,381,2,3.093235294117647,1,Low Value Customer
14109,144.2,88,1,2.466666666666667,1,Low Value Customer
14110,5683.15,2445,12,2.3614193548387097,3,High Value Customer
14111,692.85,458,4,3.6799999999999997,1,Low Value Customer
14112,2915.15,1651,7,2.5103125,3,High Value Customer
14113,1840.42,745,4,2.481176470588235,1,Low Value Customer
14114,386.53,101,2,6.312666666666667,2,Regular Customer
14116,1382.74,707,5,3.251666666666667,1,Low Value Customer
14117,90.0,72,1,1.25,1,Low Value Customer
14121,2780.15,2082,4,2.2942138364779874,3,High Value Customer
14124,419.58000000000004,1618,1,0.358,1,Low Value Customer
14125,2740.43,1640,3,3.1613173652694613,3,High Value Customer
14126,706.1300000000001,508,3,4.040666666666667,1,Low Value Customer
14127,709.71,321,3,3.9595454545454545,1,Low Value Customer
14128,637.5,564,2,1.895,1,Low Value Customer
14129,1123.8600000000001,592,5,2.734423076923077,1,Low Value Customer
14130,483.86,258,1,2.865373134328358,1,Low Value Customer
14132,3586.0299999999997,3368,11,1.71775,3,High Value Customer
14133,605.64,348,3,3.7950000000000004,1,Low Value Customer
14135,4690.31,3850,15,2.472462686567164,0,Premium Customer
14138,982.3800000000001,610,2,2.3117021276595744,1,Low Value Customer
14139,415.82,510,1,1.4576923076923076,1,Low Value Customer
14140,935.05,811,2,1.823939393939394,1,Low Value Customer
14141,915.13,355,4,3.5195,1,Low Value Customer
14142,311.81,313,1,1.7704545454545455,1,Low Value Customer
14143,115.8,30,1,5.485714285714286,2,Regular Customer
14145,3742.2,756,4,4.95,3,High Value Customer
14146,4191.0,2437,5,2.6339047619047617,3,High Value Customer
14147,483.4,108,2,4.55,2,Regular Customer
14148,157.2,16,1,7.55,2,Regular Customer
14149,446.62,218,1,2.9699999999999998,1,Low Value Customer
14150,658.64,496,2,1.6823076923076923,1,Low Value Customer
14152,621.29,711,2,1.143469387755102,1,Low Value Customer
14154,1345.62,465,2,7.893076923076923,2,Regular Customer
14155,118.75,25,1,5.45,2,Regular Customer
14157,432.88,284,2,2.1975000000000002,1,Low Value Customer
14158,507.66,781,1,1.5365853658536586,1,Low Value Customer
14159,4693.01,4408,11,1.4932392026578072,0,Premium Customer
14161,1110.52,455,3,3.1771296296296296,1,Low Value Customer
14162,289.36,142,2,3.8892,1,Low Value Customer
14163,2445.91,893,4,4.738076923076923,2,Regular Customer
14164,1631.77,1033,2,1.5541379310344827,1,Low Value Customer
14165,122.53999999999999,54,1,3.2376,1,Low Value Customer
14167,574.84,150,4,4.298461538461539,2,Regular Customer
14171,363.79,167,1,2.8863793103448274,1,Low Value Customer
14173,450.84,150,4,4.376896551724138,2,Regular Customer
14174,134.46,94,1,1.9373076923076922,1,Low Value Customer
14175,3222.3,1515,3,3.7063758389261743,3,High Value Customer
14176,576.9000000000001,209,4,3.574193548387097,1,Low Value Customer
14177,559.41,205,4,4.346666666666667,2,Regular Customer
14178,1620.93,1505,7,1.7031192660550458,3,High Value Customer
14179,719.78,330,2,2.813575757575758,1,Low Value Customer
14180,4748.52,719,25,9.311208333333333,3,High Value Customer
14184,452.89,127,1,5.418333333333333,2,Regular Customer
14188,2054.36,1162,6,1.975076923076923,3,High Value Customer
14189,4654.08,3937,15,2.158,0,Premium Customer
14191,4684.76,3662,13,1.9932818532818533,0,Premium Customer
14193,853.39,445,2,2.724047619047619,1,Low Value Customer
14194,11349.52,5840,21,3.387288428324698,0,Premium Customer
14195,1012.0,760,2,5.992857142857143,2,Regular Customer
14196,335.52,142,1,3.265,1,Low Value Customer
14198,701.4,290,4,4.7356410256410255,2,Regular Customer
14199,185.39999999999998,28,1,5.8999999999999995,2,Regular Customer
14201,747.44,590,7,2.545945945945946,1,Low Value Customer
14204,161.03,82,1,2.4050000000000002,1,Low Value Customer
14205,466.7,204,2,4.167916666666667,1,Low Value Customer
14206,328.15999999999997,276,1,1.797,1,Low Value Customer
14208,151.74,114,1,3.5269999999999997,1,Low Value Customer
14209,2073.43,691,6,5.291494252873563,2,Regular Customer
14210,1905.8400000000001,760,6,3.816372549019608,3,High Value Customer
14211,2241.1,1242,9,2.7716964285714285,3,High Value Customer
14212,1070.48,1152,1,1.2522222222222221,1,Low Value Customer
14214,1004.38,751,5,2.3407462686567166,1,Low Value Customer
14215,1789.72,1358,6,2.221111111111111,3,High Value Customer
14216,1839.3,594,4,4.716271186440678,2,Regular Customer
14217,2004.98,689,17,5.4955,3,High Value Customer
14218,169.48000000000002,160,1,1.4400000000000002,1,Low Value Customer
14219,89.94,78,1,2.2885714285714287,1,Low Value Customer
14220,632.4,272,2,3.3961904761904766,1,Low Value Customer
14221,3432.8,2191,9,3.2711398963730574,3,High Value Customer
14222,683.17,607,1,1.706829268292683,1,Low Value Customer
14223,991.13,585,3,3.8998333333333335,1,Low Value Customer
14224,1050.12,514,4,3.8577966101694914,1,Low Value Customer
14226,2232.19,1308,5,2.8997014925373135,3,High Value Customer
14227,3350.96,1820,10,2.8489714285714287,3,High Value Customer
14229,1547.2,610,3,3.22,1,Low Value Customer
14231,925.71,409,3,3.6696000000000004,1,Low Value Customer
14232,2048.07,1941,5,1.8238260869565217,3,High Value Customer
14233,1462.72,680,4,2.7905714285714285,1,Low Value Customer
14234,775.46,963,4,1.591069182389937,1,Low Value Customer
14235,3144.86,1959,5,2.017974683544304,3,High Value Customer
14236,490.86,310,2,2.0653333333333332,1,Low Value Customer
14237,161.0,38,1,7.122222222222222,2,Regular Customer
14238,146.85,111,1,2.2874999999999996,1,Low Value Customer
14239,2380.85,993,11,3.6066964285714285,3,High Value Customer
14240,890.34,418,2,3.439761904761905,1,Low Value Customer
14241,213.70000000000002,146,1,1.955,1,Low Value Customer
14242,280.55,123,2,3.720625,1,Low Value Customer
14243,2588.77,1221,10,3.9612765957446805,3,High Value Customer
14245,1693.45,976,2,3.1289814814814814,1,Low Value Customer
14246,1474.06,804,3,2.9734666666666665,1,Low Value Customer
14247,136.76999999999998,47,1,3.912,1,Low Value Customer
14248,302.58,102,1,3.0525,1,Low Value Customer
14250,1904.05,1200,3,2.487207207207207,1,Low Value Customer
14251,2879.7000000000003,1674,5,2.0692307692307694,3,High Value Customer
14256,969.0600000000001,414,2,4.05188679245283,1,Low Value Customer
14257,3099.7200000000003,1682,5,2.838867924528302,3,High Value Customer
14258,12669.98,7100,9,3.8380180180180177,0,Premium Customer
14259,120.0,68,1,2.83,1,Low Value Customer
14261,1163.45,406,2,5.064038461538461,2,Regular Customer
14262,2618.23,1645,8,2.090699300699301,3,High Value Customer
14264,333.97,70,2,6.62,2,Regular Customer
14265,530.18,330,2,5.862903225806452,2,Regular Customer
14267,1516.24,530,3,4.3910909090909085,2,Regular Customer
14270,492.65000000000003,197,1,4.570689655172414,2,Regular Customer
14271,112.32,88,1,2.491,1,Low Value Customer
14272,437.96,599,2,2.2675757575757576,1,Low Value Customer
14273,559.97,264,4,2.4848275862068965,1,Low Value Customer
14276,1119.74,744,3,2.2271875,1,Low Value Customer
14277,4216.2,1984,3,3.8665777777777777,3,High Value Customer
14280,134.04,52,1,4.73375,2,Regular Customer
14282,3729.34,2668,15,1.600320512820513,3,High Value Customer
14284,595.25,161,2,4.821875,2,Regular Customer
14285,1910.01,541,4,4.82037037037037,2,Regular Customer
14286,4628.75,4338,3,1.5431785714285713,3,High Value Customer
14287,176.63,261,3,1.913333333333333,1,Low Value Customer
14288,426.6,188,1,3.00625,1,Low Value Customer
14289,911.26,292,6,5.346382978723404,2,Regular Customer
14290,2314.65,915,5,3.6530693069306936,3,High Value Customer
14291,3883.25,2749,11,2.5928691983122363,3,High Value Customer
14292,4871.93,1663,9,3.346,3,High Value Customer
14293,1046.56,709,4,2.206393442622951,1,Low Value Customer
14295,166.20000000000002,84,1,1.9300000000000002,1,Low Value Customer
14297,1305.33,865,4,2.3419354838709676,1,Low Value Customer
14299,3965.62,2149,9,3.091818181818182,3,High Value Customer
14300,43.2,32,1,1.383333333333333,1,Low Value Customer
14301,640.14,606,1,1.3523076923076922,1,Low Value Customer
14304,383.45,139,1,4.885294117647058,2,Regular Customer
14305,1858.96,1089,3,2.3532380952380954,1,Low Value Customer
14306,2093.32,1075,2,4.135151515151516,1,Low Value Customer
14307,2995.72,2058,6,2.4864444444444445,3,High Value Customer
14309,2352.53,1633,9,2.456153846153846,3,High Value Customer
14311,310.26,146,1,5.084,2,Regular Customer
14312,1611.59,1012,6,3.5480459770114945,3,High Value Customer
14314,120.0,296,1,0.66625,1,Low Value Customer
14315,2481.13,1021,6,3.71,3,High Value Customer
14317,508.58000000000004,255,1,3.0975,1,Low Value Customer
14320,477.79,325,2,1.957741935483871,1,Low Value Customer
14321,1530.75,2406,5,1.41869918699187,3,High Value Customer
14323,605.0600000000001,350,2,2.996388888888889,1,Low Value Customer
14326,183.85,103,1,2.8000000000000003,1,Low Value Customer
14327,311.65,139,1,2.5875,1,Low Value Customer
14329,5014.84,3095,7,2.8467181467181466,3,High Value Customer
14331,462.65999999999997,252,2,3.019285714285714,1,Low Value Customer
14332,866.31,481,3,2.1165384615384615,1,Low Value Customer
14333,415.2,58,1,8.063333333333334,2,Regular Customer
14334,2552.21,1731,8,3.291543209876543,3,High Value Customer
14335,468.26,379,2,2.2895238095238097,1,Low Value Customer
14336,1614.91,1759,4,1.6151111111111112,3,High Value Customer
14338,588.22,335,2,3.6470967741935483,1,Low Value Customer
14339,309.52,168,1,2.032857142857143,1,Low Value Customer
14340,134.7,58,1,2.9333333333333336,1,Low Value Customer
14341,2182.28,1403,8,2.553875968992248,3,High Value Customer
14342,668.5600000000001,347,4,2.8904761904761904,1,Low Value Customer
14344,889.9300000000001,477,8,4.225633802816901,3,High Value Customer
14345,108.97999999999999,50,1,3.49,1,Low Value Customer
14346,1021.58,605,2,4.602333333333333,2,Regular Customer
14348,409.57,183,1,2.962222222222222,1,Low Value Customer
14349,133.5,86,1,2.3193548387096774,1,Low Value Customer
14350,282.93,183,1,2.2866666666666666,1,Low Value Customer
14351,51.0,12,1,4.25,1,Low Value Customer
14352,1078.96,538,4,3.8659574468085105,1,Low Value Customer
14353,90.6,64,1,1.3666666666666665,1,Low Value Customer
14354,163.62,210,2,1.2377777777777779,1,Low Value Customer
14355,174.4,92,1,2.85,1,Low Value Customer
14356,701.23,277,2,3.9027272727272724,1,Low Value Customer
14357,225.77,148,1,1.9502439024390246,1,Low Value Customer
14359,912.18,371,3,3.922727272727273,1,Low Value Customer
14360,2128.23,1151,4,3.1004237288135594,3,High Value Customer
14362,161.2,100,1,2.3285365853658537,1,Low Value Customer
14364,3717.35,1967,8,3.0260869565217394,3,High Value Customer
14367,9261.52,4438,16,3.1757251908396946,0,Premium Customer
14368,155.0,36,1,6.125,2,Regular Customer
14371,100.5,34,1,3.775,1,Low Value Customer
14373,76.55,17,1,11.625,2,Regular Customer
14375,257.68,194,1,1.8789333333333331,1,Low Value Customer
14377,617.05,219,2,9.15,2,Regular Customer
14379,348.1,292,2,2.1617391304347824,1,Low Value Customer
14381,202.68,146,1,1.627857142857143,1,Low Value Customer
14382,626.0699999999999,1237,1,1.6106870229007633,1,Low Value Customer
14383,1247.69,817,3,3.32593220338983,1,Low Value Customer
14385,202.11,159,3,1.6164285714285715,1,Low Value Customer
14386,142.4,54,1,3.885714285714286,1,Low Value Customer
14387,1770.56,819,3,3.382142857142857,1,Low Value Customer
14388,3212.84,1941,8,2.7180645161290324,3,High Value Customer
14389,1043.46,729,2,2.1333333333333333,1,Low Value Customer
14390,4652.82,2136,9,3.07986013986014,3,High Value Customer
14393,67.95,13,1,5.390000000000001,2,Regular Customer
14395,3507.71,1693,9,2.787057142857143,3,High Value Customer
14396,487.99,225,2,2.626849315068493,1,Low Value Customer
14397,2612.96,1890,19,2.0789655172413792,3,High Value Customer
14400,574.7,454,1,1.7368000000000001,1,Low Value Customer
14401,4051.48,4507,13,1.3996153846153845,0,Premium Customer
14403,1475.81,519,4,6.2535,2,Regular Customer
14404,1474.32,839,6,3.066116504854369,3,High Value Customer
14406,156.75,77,1,3.795,1,Low Value Customer
14407,2157.73,1415,6,3.5512328767123287,3,High Value Customer
14408,2606.53,1616,7,1.8925233644859814,3,High Value Customer
14409,2059.4500000000003,1230,6,2.8044444444444445,3,High Value Customer
14410,1105.07,571,9,2.3759067357512955,3,High Value Customer
14411,1063.0,196,1,8.175,2,Regular Customer
14412,770.03,786,2,2.304418604651163,1,Low Value Customer
14413,122.7,68,1,2.8065217391304347,1,Low Value Customer
14414,1496.98,2512,7,0.9145360824742267,3,High Value Customer
14415,5900.28,3011,13,2.9509661016949154,0,Premium Customer
14416,490.22,326,2,1.6685714285714286,1,Low Value Customer
14418,1937.25,1711,3,2.1406451612903226,3,High Value Customer
14419,1058.06,487,6,2.5041747572815534,1,Low Value Customer
14420,387.52,334,1,1.5313793103448274,1,Low Value Customer
14421,813.11,365,2,2.6351851851851853,1,Low Value Customer
14422,4263.64,2906,6,2.810225225225225,3,High Value Customer
14423,265.2,120,1,1.9833333333333332,1,Low Value Customer
14424,322.08,48,1,6.71,2,Regular Customer
14426,4481.67,2699,10,3.2663392857142854,3,High Value Customer
14427,363.34000000000003,228,2,1.9870588235294118,1,Low Value Customer
14428,1244.83,436,5,4.181319444444444,1,Low Value Customer
14431,470.36,130,1,4.69,2,Regular Customer
14432,2255.51,2070,6,1.4508115183246075,3,High Value Customer
14434,1372.8,368,6,4.451666666666667,2,Regular Customer
14436,89.06,129,1,2.1177777777777775,1,Low Value Customer
14437,63.0,60,1,1.05,1,Low Value Customer
14438,131.9,82,1,1.5944444444444443,1,Low Value Customer
14439,2661.24,526,1,6.4809375,2,Regular Customer
14440,2357.6800000000003,588,5,4.7023636363636365,2,Regular Customer
14441,1712.89,446,4,5.544117647058823,2,Regular Customer
14442,1589.82,482,2,6.323492063492063,2,Regular Customer
14443,1420.2,938,4,2.5386021505376344,1,Low Value Customer
14446,1039.58,933,4,1.8383276450511945,1,Low Value Customer
14447,1163.23,571,5,2.576571428571429,1,Low Value Customer
14448,375.35,104,2,2.7175000000000002,1,Low Value Customer
14449,907.1,757,4,1.6575968992248062,1,Low Value Customer
14450,483.25,241,3,2.7905,1,Low Value Customer
14451,662.59,389,2,1.9695412844036697,1,Low Value Customer
14452,264.44,119,2,3.127741935483871,1,Low Value Customer
14453,119.93,49,1,3.777272727272727,1,Low Value Customer
14456,3062.4,2908,9,1.7757628865979382,3,High Value Customer
14457,113.64,88,1,1.2550000000000001,1,Low Value Customer
14459,1837.92,760,1,3.4364864864864866,1,Low Value Customer
14460,434.34,881,3,0.6643749999999999,1,Low Value Customer
14461,2103.06,766,3,3.721833333333333,1,Low Value Customer
14462,2004.02,964,11,2.8845416666666663,3,High Value Customer
14463,529.62,179,3,5.976666666666667,2,Regular Customer
14465,1058.6200000000001,405,3,2.8282307692307693,1,Low Value Customer
14466,2272.4,1006,7,3.7937499999999997,3,High Value Customer
14467,598.76,278,4,2.7585555555555556,1,Low Value Customer
14470,461.19,193,2,4.8388372093023255,2,Regular Customer
14472,1936.84,1160,8,2.7660142348754446,3,High Value Customer
14473,234.34000000000003,88,2,4.107142857142857,1,Low Value Customer
14474,547.66,140,1,6.527931034482759,2,Regular Customer
14475,925.85,447,3,3.125238095238095,1,Low Value Customer
14476,215.7,132,1,3.2710526315789474,1,Low Value Customer
14477,1309.6,720,4,1.8920000000000001,1,Low Value Customer
14479,316.25,117,2,4.016666666666667,1,Low Value Customer
14480,279.05,143,1,3.0015384615384617,1,Low Value Customer
14481,636.51,489,2,1.994,1,Low Value Customer
14482,2068.15,1646,6,2.442361111111111,3,High Value Customer
14483,137.1,97,1,1.8522222222222224,1,Low Value Customer
14484,321.92,210,1,2.0957142857142856,1,Low Value Customer
14485,165.75,71,1,2.682978723404255,1,Low Value Customer
14487,1196.33,735,6,2.496111111111111,1,Low Value Customer
14488,1064.28,799,1,2.131304347826087,1,Low Value Customer
14489,463.38,299,1,1.7770000000000001,1,Low Value Customer
14491,340.93,139,2,4.54235294117647,2,Regular Customer
14493,2383.2400000000002,1285,5,3.024583333333333,3,High Value Customer
14494,139.56,92,1,1.6614285714285713,1,Low Value Customer
14495,123.8,62,2,2.0083333333333333,1,Low Value Customer
14496,538.8100000000001,159,2,5.65421052631579,2,Regular Customer
14497,475.37,235,1,4.478620689655172,2,Regular Customer
14498,1957.32,1098,5,2.807720207253886,3,High Value Customer
14499,815.32,501,3,1.9600515463917525,1,Low Value Customer
14500,356.85,117,3,6.214285714285714,2,Regular Customer
14501,251.21,161,2,2.175,1,Low Value Customer
14502,2470.67,1498,11,2.378974358974359,3,High Value Customer
14503,3543.26,2004,6,2.6662195121951218,3,High Value Customer
14504,673.26,308,4,3.4827102803738317,1,Low Value Customer
14505,5905.64,2759,8,2.888247809762203,3,High Value Customer
14506,2012.17,730,5,3.365221518987342,1,Low Value Customer
14507,1383.18,600,6,3.1722916666666667,1,Low Value Customer
14508,276.42,131,2,3.432280701754386,1,Low Value Customer
14511,1314.81,784,5,2.501764705882353,1,Low Value Customer
14512,275.28,122,2,4.611739130434782,2,Regular Customer
14513,455.59000000000003,361,3,2.4391666666666665,1,Low Value Customer
14514,1055.35,589,3,3.2264383561643837,1,Low Value Customer
14515,2102.09,1134,6,2.7978217821782176,3,High Value Customer
14517,330.45,91,2,5.333333333333333,2,Regular Customer
14518,174.37,278,1,2.699375,1,Low Value Customer
14520,270.6,146,2,3.2075,1,Low Value Customer
14522,974.54,525,4,2.531764705882353,1,Low Value Customer
14523,241.09,251,1,2.72,1,Low Value Customer
14524,1867.68,676,9,4.042660098522167,3,High Value Customer
14525,4332.2,2696,9,3.239209621993127,3,High Value Customer
14528,364.21999999999997,278,1,1.973888888888889,1,Low Value Customer
14529,620.04,348,3,1.9686026200873363,1,Low Value Customer
14530,2925.91,1410,6,4.156435185185185,3,High Value Customer
14532,932.85,284,4,5.6234375000000005,2,Regular Customer
14533,1949.72,4019,7,1.4325806451612904,3,High Value Customer
14534,4447.05,2047,18,3.3136030828516376,3,High Value Customer
14535,2864.19,1831,3,2.5123333333333333,3,High Value Customer
14536,171.8,40,1,4.8315789473684205,2,Regular Customer
14537,355.56,120,1,2.963,1,Low Value Customer
14538,388.25,155,2,3.318947368421053,1,Low Value Customer
14539,537.48,428,2,2.0790625,1,Low Value Customer
14540,996.26,421,3,3.8622368421052626,1,Low Value Customer
14541,1461.65,647,8,2.464054054054054,3,High Value Customer
14542,103.25,19,1,5.41,2,Regular Customer
14543,3630.33,679,16,6.137222222222222,3,High Value Customer
14544,2024.45,1543,2,2.4168421052631577,1,Low Value Customer
14546,2578.09,1317,5,2.679122807017544,3,High Value Customer
14547,4007.54,2668,8,2.8737704918032785,3,High Value Customer
14548,652.8,256,2,2.55,1,Low Value Customer
14549,289.24,136,1,3.2125,1,Low Value Customer
14550,765.62,394,2,2.184375,1,Low Value Customer
14551,186.23,106,2,4.702,2,Regular Customer
14552,165.07,91,1,1.8751724137931036,1,Low Value Customer
14553,859.27,493,5,3.723628318584071,1,Low Value Customer
14554,2381.04,1478,4,2.756851851851852,3,High Value Customer
14555,324.14,130,2,3.0109523809523813,1,Low Value Customer
14557,788.38,510,1,1.59,1,Low Value Customer
14560,2237.77,1260,22,4.907027027027027,3,High Value Customer
14561,1080.76,1014,3,1.9856521739130433,1,Low Value Customer
14562,5074.77,1834,18,3.4981560283687942,3,High Value Customer
14565,3099.12,1540,4,3.911732283464567,3,High Value Customer
14566,1432.0,800,1,1.79,1,Low Value Customer
14567,1530.3600000000001,412,2,3.7118181818181815,1,Low Value Customer
14569,227.39,79,1,3.92,1,Low Value Customer
14570,218.06,95,2,3.372068965517242,1,Low Value Customer
14572,2832.84,1428,7,2.987888888888889,3,High Value Customer
14573,1653.42,544,9,4.4331489361702126,3,High Value Customer
14576,35.400000000000006,12,1,2.95,1,Low Value Customer
14577,859.71,353,4,2.643333333333333,1,Low Value Customer
14578,168.63,240,1,2.45125,1,Low Value Customer
14581,138.6,217,1,1.5829411764705883,1,Low Value Customer
14582,114.11,73,1,3.39,1,Low Value Customer
14583,1052.55,792,5,1.9964545454545455,1,Low Value Customer
14584,1042.26,383,4,3.5141000000000004,1,Low Value Customer
14585,157.05,91,1,1.9896551724137932,1,Low Value Customer
14586,237.36,444,1,0.6984210526315789,1,Low Value Customer
14587,1601.14,761,9,2.3890339425587466,3,High Value Customer
14589,39.75,5,1,7.95,2,Regular Customer
14591,1447.14,1297,4,2.8107106598984775,1,Low Value Customer
14592,570.46,415,3,2.0446341463414632,1,Low Value Customer
14593,617.99,332,3,2.0631578947368423,1,Low Value Customer
14594,379.83,185,2,3.3492452830188677,1,Low Value Customer
14595,1740.6,978,6,2.9027450980392153,3,High Value Customer
14597,883.15,577,2,1.4760000000000002,1,Low Value Customer
14598,221.97,189,1,1.5216,1,Low Value Customer
14600,393.33000000000004,125,1,5.3628,2,Regular Customer
14601,213.96,168,1,1.4342857142857142,1,Low Value Customer
14603,660.0,400,1,1.65,1,Low Value Customer
14608,1785.15,437,4,4.225,1,Low Value Customer
14609,601.56,7026,4,0.1225,3,High Value Customer
14616,406.08000000000004,104,3,3.44,1,Low Value Customer
14618,553.44,264,3,4.274375,1,Low Value Customer
14619,394.44,152,1,4.706,2,Regular Customer
14620,412.78000000000003,214,2,3.4223076923076925,1,Low Value Customer
14621,1788.3600000000001,993,5,3.0166304347826083,3,High Value Customer
14622,320.58000000000004,146,1,3.212380952380953,1,Low Value Customer
14623,889.25,419,5,3.0276119402985073,1,Low Value Customer
14624,225.85,162,2,2.0707692307692307,1,Low Value Customer
14625,899.63,335,2,4.738490566037736,2,Regular Customer
14626,2791.27,1403,4,3.4078688524590164,3,High Value Customer
14628,671.96,272,2,4.545416666666667,2,Regular Customer
14629,959.01,380,2,3.738815789473684,1,Low Value Customer
14631,1006.98,622,3,2.38390243902439,1,Low Value Customer
14632,114.56,96,1,2.54,1,Low Value Customer
14633,344.90000000000003,96,1,5.4025,2,Regular Customer
14636,609.85,241,2,3.038214285714286,1,Low Value Customer
14638,443.6,166,1,4.159375,1,Low Value Customer
14639,2984.49,1431,6,4.691860465116279,3,High Value Customer
14640,2125.08,886,6,3.9412264150943392,3,High Value Customer
14641,110.46,90,1,1.2900000000000003,1,Low Value Customer
14642,96.12,76,1,3.005,1,Low Value Customer
14643,693.8100000000001,815,2,1.586774193548387,1,Low Value Customer
14644,830.76,258,2,4.341538461538462,2,Regular Customer
14645,597.09,381,2,3.622,1,Low Value Customer
14647,243.22,95,1,2.372,1,Low Value Customer
14649,1417.29,1018,4,2.547989949748744,1,Low Value Customer
14651,654.6,344,2,2.8968627450980393,1,Low Value Customer
14652,114.18,53,1,2.986206896551724,1,Low Value Customer
14653,1947.55,950,7,3.3198312236286918,3,High Value Customer
14655,1932.23,1089,4,2.686938775510204,1,Low Value Customer
14656,291.05,120,2,2.7685,1,Low Value Customer
14657,848.22,466,4,2.7334920634920636,1,Low Value Customer
14658,247.15,47,2,5.588275862068966,2,Regular Customer
14659,2529.93,1195,9,2.9375098814229252,3,High Value Customer
14660,285.74,228,2,2.3586666666666667,1,Low Value Customer
14661,107.95,35,1,3.95,1,Low Value Customer
14662,771.17,602,4,2.380238095238095,1,Low Value Customer
14664,637.89,466,2,1.9827272727272727,1,Low Value Customer
14665,1835.7,740,5,4.328333333333333,2,Regular Customer
14666,195.25,161,1,1.857142857142857,1,Low Value Customer
14667,9241.2,5385,25,3.113298429319372,0,Premium Customer
14669,1269.99,775,3,2.706,1,Low Value Customer
14670,411.53,337,2,1.6325,1,Low Value Customer
14672,765.55,454,2,2.921639344262295,1,Low Value Customer
14673,1736.4,1004,5,2.395,1,Low Value Customer
14675,604.75,341,1,2.230098039215686,1,Low Value Customer
14676,2548.2400000000002,2500,6,1.7133333333333336,3,High Value Customer
14681,498.95,76,3,7.207142857142857,2,Regular Customer
14682,52.0,80,2,0.65,1,Low Value Customer
14684,1236.28,853,5,1.6946555819477436,1,Low Value Customer
14687,628.38,470,1,2.27,1,Low Value Customer
14688,5630.87,3621,21,2.131039755351682,0,Premium Customer
14689,112.8,76,1,2.180769230769231,1,Low Value Customer
14690,371.7,170,2,2.8594,1,Low Value Customer
14691,2114.33,707,5,3.6664788732394364,1,Low Value Customer
14692,591.55,265,4,2.932352941176471,1,Low Value Customer
14693,172.9,34,1,3.475,1,Low Value Customer
14696,2078.95,1630,7,2.4591538461538462,3,High Value Customer
14697,188.60999999999999,181,2,3.2372727272727273,1,Low Value Customer
14698,1250.76,615,5,2.8727142857142858,1,Low Value Customer
14699,109.13000000000001,77,1,2.21125,1,Low Value Customer
14700,2235.3,1342,3,2.36695652173913,1,Low Value Customer
14701,2549.37,932,9,3.124985074626866,3,High Value Customer
14702,3292.14,1454,17,3.795850144092219,3,High Value Customer
14703,318.17,183,1,2.0513636363636363,1,Low Value Customer
14704,1546.91,1082,9,2.2325542168674697,3,High Value Customer
14705,179.0,100,1,1.79,1,Low Value Customer
14708,1126.37,621,3,3.0003571428571427,1,Low Value Customer
14709,4921.04,2484,13,2.75515306122449,3,High Value Customer
14710,606.13,378,4,2.0762589928057555,1,Low Value Customer
14711,2868.8,978,11,4.756078431372549,3,High Value Customer
14712,917.07,315,3,3.3080000000000003,1,Low Value Customer
14713,2666.36,1615,11,2.4739823008849555,3,High Value Customer
14714,160.19,229,1,3.287,1,Low Value Customer
14715,867.38,521,4,3.3422535211267608,1,Low Value Customer
14716,329.68,604,2,1.3956363636363638,1,Low Value Customer
14719,1602.13,1032,5,2.360253164556962,1,Low Value Customer
14720,663.81,219,3,5.744594594594595,2,Regular Customer
14722,187.92000000000002,120,1,3.029310344827586,1,Low Value Customer
14723,1158.3,695,6,2.247482014388489,1,Low Value Customer
14725,718.08,593,1,4.396153846153846,2,Regular Customer
14727,268.58,62,1,7.0840000000000005,2,Regular Customer
14729,313.49,197,1,2.159154929577465,1,Low Value Customer
14730,2005.06,1132,8,2.525788423153693,3,High Value Customer
14731,380.02,256,3,2.102222222222222,1,Low Value Customer
14732,2702.4900000000002,1405,8,3.386326530612245,3,High Value Customer
14733,9585.91,3764,12,3.932920792079208,0,Premium Customer
14737,1164.55,345,3,3.614117647058823,1,Low Value Customer
14738,1314.45,601,7,3.318703703703704,3,High Value Customer
14739,3902.28,3820,7,2.065166666666667,3,High Value Customer
14740,1448.21,735,3,2.8922471910112364,1,Low Value Customer
14741,1400.34,841,6,2.6030508474576273,1,Low Value Customer
14744,1099.98,627,7,3.009230769230769,1,Low Value Customer
14745,1220.26,1038,5,1.6594202898550725,1,Low Value Customer
14747,328.2,84,1,5.800000000000001,2,Regular Customer
14748,1415.75,1223,5,1.8602247191011236,1,Low Value Customer
14752,389.64,260,1,2.504,1,Low Value Customer
14753,563.15,211,1,3.5983333333333336,1,Low Value Customer
14754,638.05,486,2,2.238048780487805,1,Low Value Customer
14755,5010.28,2219,11,3.9911489361702124,3,High Value Customer
14756,738.96,416,1,3.4794736842105265,1,Low Value Customer
14757,420.5,160,1,3.9242105263157896,1,Low Value Customer
14758,1484.06,419,4,6.657605633802817,2,Regular Customer
14759,1625.97,569,3,5.394117647058824,2,Regular Customer
14760,89.2,40,1,2.87,1,Low Value Customer
14761,255.9,118,2,2.272727272727273,1,Low Value Customer
14762,300.52,341,1,1.3342857142857143,1,Low Value Customer
14764,278.3,190,1,1.4916666666666665,1,Low Value Customer
14765,254.11,135,3,2.9766666666666666,1,Low Value Customer
14766,2473.37,1349,6,2.6556296296296296,3,High Value Customer
14768,192.60000000000002,52,2,3.91,1,Low Value Customer
14769,10674.75,7436,8,2.711669724770642,0,Premium Customer
14770,876.42,490,2,3.4444230769230773,1,Low Value Customer
14772,139.26,82,1,3.508888888888889,1,Low Value Customer
14775,1011.9,1174,3,1.0518333333333334,1,Low Value Customer
14776,2538.3,3134,11,0.9858119658119658,3,High Value Customer
14778,730.86,306,2,3.1414285714285715,1,Low Value Customer
14779,386.15,84,3,6.824390243902439,2,Regular Customer
14780,447.68,310,2,2.7666666666666666,1,Low Value Customer
14782,200.10000000000002,114,1,2.516666666666667,1,Low Value Customer
14784,289.99,237,2,3.860666666666667,1,Low Value Customer
14785,77.4,84,2,0.9433333333333334,1,Low Value Customer
14788,679.4399999999999,421,2,2.5886666666666667,1,Low Value Customer
14789,197.64,116,1,2.0566666666666666,1,Low Value Customer
14790,745.06,699,4,1.4782608695652173,1,Low Value Customer
14792,6.2,2,1,3.1,1,Low Value Customer
14793,228.99,91,1,3.257857142857143,1,Low Value Customer
14794,1319.91,673,7,3.903,3,High Value Customer
14795,131.45000000000002,17,1,7.333333333333333,2,Regular Customer
14796,8022.49,6025,17,1.9610692375109553,0,Premium Customer
14798,173.74,150,3,1.46,1,Low Value Customer
14799,157.7,146,1,4.889230769230769,2,Regular Customer
14800,4339.74,3655,12,2.1975324675324672,3,High Value Customer
14801,193.14,175,1,2.4633898305084747,1,Low Value Customer
14803,845.55,370,3,2.886590909090909,1,Low Value Customer
14804,353.27,121,1,4.240833333333334,1,Low Value Customer
14805,554.65,115,4,5.808085106382979,2,Regular Customer
14806,193.39000000000001,330,1,1.8445454545454545,1,Low Value Customer
14808,2741.17,2147,8,3.486553191489362,3,High Value Customer
14810,2087.88,1016,11,2.328078431372549,3,High Value Customer
14813,155.43,67,2,2.8263333333333334,1,Low Value Customer
14815,778.5,744,2,1.6549056603773586,1,Low Value Customer
14817,1110.34,655,2,3.531428571428571,1,Low Value Customer
14818,657.8,324,3,3.7514583333333333,1,Low Value Customer
14819,272.07,109,2,4.13,1,Low Value Customer
14820,507.29,253,4,3.222758620689655,1,Low Value Customer
14821,48.800000000000004,20,1,2.5250000000000004,1,Low Value Customer
14823,321.43,88,3,4.234714285714285,1,Low Value Customer
14824,1127.71,525,4,2.3944827586206894,1,Low Value Customer
14825,2226.91,991,12,2.743884297520661,3,High Value Customer
14828,2139.76,2172,3,2.853529411764706,3,High Value Customer
14829,697.55,452,4,2.1797619047619046,1,Low Value Customer
14830,197.13,169,1,1.7247499999999998,1,Low Value Customer
14834,1720.3,734,6,3.6280597014925373,3,High Value Customer
14836,102.44999999999999,45,3,2.7916666666666665,1,Low Value Customer
14837,1649.5,1436,4,1.757037037037037,1,Low Value Customer
14840,62.85,31,1,3.05,1,Low Value Customer
14841,3295.76,1778,6,3.1945652173913044,3,High Value Customer
14842,2824.69,1166,4,5.326275862068966,2,Regular Customer
14844,3189.81,1833,4,3.123153846153846,3,High Value Customer
14847,309.4,120,1,3.753076923076923,1,Low Value Customer
14849,7930.54,5694,25,2.4403092783505156,0,Premium Customer
14850,325.75,293,1,1.4904761904761905,1,Low Value Customer
14851,511.35,325,2,2.317142857142857,1,Low Value Customer
14852,2836.69,1747,6,3.056643356643357,3,High Value Customer
14853,475.8,82,2,5.677777777777778,2,Regular Customer
14854,2759.83,1832,7,2.952204724409449,3,High Value Customer
14855,645.65,267,2,4.67,2,Regular Customer
14856,1311.3799999999999,714,3,3.132878787878788,1,Low Value Customer
14857,1173.12,464,2,4.384166666666667,2,Regular Customer
14859,1353.74,671,4,3.126551724137931,1,Low Value Customer
14860,170.32,232,1,0.9027272727272727,1,Low Value Customer
14861,125.79,117,1,2.735,1,Low Value Customer
14862,841.1999999999999,772,2,2.1545833333333335,1,Low Value Customer
14863,266.76,132,1,2.020909090909091,1,Low Value Customer
14865,52.2,108,2,0.6525,1,Low Value Customer
14866,14389.9,6752,12,3.3226262626262626,0,Premium Customer
14867,710.28,328,3,3.7750000000000004,1,Low Value Customer
14868,2953.59,1405,8,2.8812499999999996,3,High Value Customer
14869,725.7,550,2,2.998169014084507,1,Low Value Customer
14870,327.25,119,1,3.0461538461538464,1,Low Value Customer
14871,522.38,185,4,3.14765306122449,1,Low Value Customer
14873,519.68,168,1,4.994285714285715,2,Regular Customer
14875,1465.3200000000002,558,2,4.418936170212766,2,Regular Customer
14878,1485.54,802,9,2.609596774193548,3,High Value Customer
14880,706.19,373,3,3.7380851063829788,1,Low Value Customer
14881,255.4,316,1,1.3729411764705883,1,Low Value Customer
14882,589.7,158,2,3.95,1,Low Value Customer
14883,761.59,790,6,1.220943396226415,1,Low Value Customer
14885,765.3199999999999,724,1,1.2686666666666668,1,Low Value Customer
14886,364.8,160,1,3.1277777777777778,1,Low Value Customer
14887,1862.0,1100,1,1.6116666666666666,1,Low Value Customer
14888,369.2,184,1,2.21,1,Low Value Customer
14889,135.9,90,1,2.2600000000000002,1,Low Value Customer
14890,125.65,51,1,2.9071428571428575,1,Low Value Customer
14891,554.38,505,2,1.6524242424242424,1,Low Value Customer
14893,1237.8500000000001,799,2,3.1345205479452054,1,Low Value Customer
14894,655.75,265,1,2.8395652173913044,1,Low Value Customer
14895,11138.710000000001,4851,20,4.1638755020080325,0,Premium Customer
14896,468.77000000000004,279,2,2.397906976744186,1,Low Value Customer
14897,1366.38,468,4,5.067454545454545,2,Regular Customer
14898,1303.52,1020,6,2.893362068965517,3,High Value Customer
14901,1421.29,661,9,3.1441666666666666,3,High Value Customer
14902,332.66,218,1,2.773,1,Low Value Customer
14903,2810.63,1536,5,2.7626478873239435,3,High Value Customer
14904,1025.44,1985,2,0.7394202898550725,1,Low Value Customer
14905,616.15,287,2,2.3841176470588237,1,Low Value Customer
14907,3501.1,1691,7,3.4733939393939393,3,High Value Customer
14908,277.8,132,1,3.6277777777777778,1,Low Value Customer
14910,434.35,238,4,2.884333333333333,1,Low Value Customer
14912,867.85,971,2,2.0225925925925927,1,Low Value Customer
14913,1227.43,1743,4,1.2129885057471264,1,Low Value Customer
14915,307.48,112,2,3.5516666666666663,1,Low Value Customer
14916,1268.98,1136,4,1.8205194805194806,1,Low Value Customer
14918,1610.15,675,2,3.492666666666667,1,Low Value Customer
14920,977.77,509,2,3.765438596491228,1,Low Value Customer
14921,1316.07,953,2,1.975128205128205,1,Low Value Customer
14923,749.1,418,1,3.445681818181818,1,Low Value Customer
14929,223.88,136,1,2.2572727272727273,1,Low Value Customer
14930,2372.86,1166,3,4.16296875,1,Low Value Customer
14931,1257.68,417,5,12.147804878048781,2,Regular Customer
14932,363.53,80,1,9.449411764705882,2,Regular Customer
14934,1890.94,1042,2,3.5809195402298855,1,Low Value Customer
14935,1784.71,935,1,2.622,1,Low Value Customer
14936,8137.02,4085,8,3.679093406593407,0,Premium Customer
14937,1621.88,484,3,3.4,1,Low Value Customer
14944,5900.25,2815,12,3.006705882352941,3,High Value Customer
14946,100.9,22,1,4.683333333333334,2,Regular Customer
14947,290.82,179,2,3.084285714285714,1,Low Value Customer
14948,1101.97,673,6,2.8057142857142856,1,Low Value Customer
14950,371.2,136,1,5.193157894736842,2,Regular Customer
14951,311.69,311,1,1.895,1,Low Value Customer
14952,8099.49,3355,11,3.3994202898550725,0,Premium Customer
14953,289.82,225,1,2.348181818181818,1,Low Value Customer
14954,336.17,127,1,3.1749411764705884,1,Low Value Customer
14957,58.49,34,1,1.7408333333333335,1,Low Value Customer
14958,499.68,129,3,5.850714285714285,2,Regular Customer
14959,695.42,494,4,1.46,1,Low Value Customer
14960,221.27,221,2,1.8037037037037038,1,Low Value Customer
14961,7044.68,3708,9,2.8973076923076926,0,Premium Customer
14962,126.7,44,1,6.540000000000001,2,Regular Customer
14963,1487.8,1176,5,2.2753030303030304,1,Low Value Customer
14964,206.21,143,1,3.4046153846153846,1,Low Value Customer
14965,599.0,365,2,2.3681927710843373,1,Low Value Customer
14966,191.32,187,1,1.9507894736842104,1,Low Value Customer
14967,463.8,140,1,2.9250000000000003,1,Low Value Customer
14968,147.59,127,1,1.9402702702702705,1,Low Value Customer
14970,1592.06,250,4,6.174411764705883,2,Regular Customer
14971,1116.57,644,3,3.1020624999999997,1,Low Value Customer
14972,114.77,28,1,4.947222222222222,2,Regular Customer
14974,114.39,44,1,3.467142857142857,1,Low Value Customer
14975,279.94,380,1,1.0154545454545454,1,Low Value Customer
14976,790.86,234,7,3.955416666666667,1,Low Value Customer
14978,1931.42,525,5,4.517685185185186,2,Regular Customer
14981,102.12,97,1,1.46,1,Low Value Customer
14984,213.27,60,2,4.340731707317073,2,Regular Customer
14985,296.75,260,2,1.9082758620689657,1,Low Value Customer
14987,326.4,128,2,2.55,1,Low Value Customer
14988,334.54,141,1,2.5467500000000003,1,Low Value Customer
14995,233.23000000000002,103,2,2.6029508196721314,1,Low Value Customer
14997,546.1999999999999,1120,3,0.6265384615384615,1,Low Value Customer
14998,429.87,270,2,2.4524,1,Low Value Customer
15000,490.52,218,1,2.8345454545454545,1,Low Value Customer
15002,1641.76,862,4,2.5394782608695654,1,Low Value Customer
15004,1246.32,630,1,3.0956962025316455,1,Low Value Customer
15005,6316.57,4247,28,2.3211796246648793,0,Premium Customer
15006,502.09,302,1,1.9180555555555554,1,Low Value Customer
15007,156.91,69,1,3.160833333333333,1,Low Value Customer
15009,1261.78,642,3,2.458186813186813,1,Low Value Customer
15010,308.94,184,1,3.1685000000000003,1,Low Value Customer
15012,423.04,231,2,2.613515625,1,Low Value Customer
15014,260.17,151,2,1.7331428571428573,1,Low Value Customer
15016,170.04,76,1,4.573,2,Regular Customer
15017,125.58,63,1,3.2625,1,Low Value Customer
15018,496.21000000000004,189,3,6.507419354838709,2,Regular Customer
15019,266.0,159,1,2.228285714285714,1,Low Value Customer
15021,1914.82,847,9,2.6127330508474578,3,High Value Customer
15022,905.04,543,4,2.961037037037037,1,Low Value Customer
15023,6802.76,2871,11,3.821138790035587,0,Premium Customer
15024,1661.33,920,10,2.826451612903226,3,High Value Customer
15025,377.01,189,1,2.6869444444444444,1,Low Value Customer
15026,469.0,285,3,2.1795081967213115,1,Low Value Customer
15027,1066.1499999999999,565,4,3.7800000000000002,1,Low Value Customer
15028,627.13,459,4,1.9868750000000002,1,Low Value Customer
15030,518.28,372,2,2.9728571428571433,1,Low Value Customer
15031,668.14,401,4,3.165135135135135,1,Low Value Customer
15032,4959.1,2968,3,1.9057692307692307,3,High Value Customer
15033,2586.67,1695,10,2.0848039215686276,3,High Value Customer
15034,4308.61,2422,8,2.9319035532994926,3,High Value Customer
15035,252.73000000000002,245,1,2.1285185185185185,1,Low Value Customer
15036,465.55,327,3,2.1081102362204724,1,Low Value Customer
15038,705.49,217,6,4.182769230769231,1,Low Value Customer
15041,180.35,104,1,2.03,1,Low Value Customer
15042,135.93,30,1,5.586,2,Regular Customer
15043,537.0,300,1,1.79,1,Low Value Customer
15044,7700.2300000000005,2795,17,4.632869757174393,0,Premium Customer
15045,735.66,114,2,6.9191666666666665,2,Regular Customer
15046,5213.7699999999995,3451,15,2.780728155339806,0,Premium Customer
15047,343.62,222,1,2.27,1,Low Value Customer
15048,384.05,195,4,2.533917525773196,1,Low Value Customer
15049,121.17000000000002,63,1,1.83,1,Low Value Customer
15050,1782.09,1224,3,2.5871794871794873,1,Low Value Customer
15051,1391.61,1011,3,2.2487412587412585,1,Low Value Customer
15052,215.78,82,1,3.5113333333333334,1,Low Value Customer
15053,697.79,986,3,1.5770422535211268,1,Low Value Customer
15054,302.1,198,2,1.7128070175438597,1,Low Value Customer
15057,1489.5,668,2,3.5916,1,Low Value Customer
15058,2124.9900000000002,1069,11,2.8641666666666667,3,High Value Customer
15059,1337.72,604,9,3.1344725738396626,3,High Value Customer
15060,303.09,263,4,1.7283471074380166,1,Low Value Customer
15062,987.86,763,4,2.061754385964912,1,Low Value Customer
15063,370.79999999999995,56,1,8.57,2,Regular Customer
15065,3158.13,1383,4,5.0849677419354835,3,High Value Customer
15066,893.59,317,1,4.46047619047619,2,Regular Customer
15067,1744.76,954,3,3.1621951219512194,1,Low Value Customer
15068,553.36,364,2,2.555769230769231,1,Low Value Customer
15069,1109.53,520,1,4.523428571428571,2,Regular Customer
15070,106.2,36,1,2.95,1,Low Value Customer
15071,982.07,269,2,4.647692307692308,2,Regular Customer
15073,1043.41,491,3,2.6588888888888893,1,Low Value Customer
15074,748.87,455,1,2.2104761904761907,1,Low Value Customer
15075,773.03,447,1,3.312962962962963,1,Low Value Customer
15076,880.85,571,1,3.0477551020408162,1,Low Value Customer
15079,895.61,389,4,4.605957446808511,2,Regular Customer
15081,504.8,190,5,4.805151515151515,2,Regular Customer
15083,88.2,38,1,6.67,2,Regular Customer
15087,306.94,470,1,2.036,1,Low Value Customer
15088,1160.07,460,2,5.27,2,Regular Customer
15089,2420.84,1359,6,3.3199310344827584,3,High Value Customer
15090,381.32,208,1,3.5617391304347827,1,Low Value Customer
15091,480.71,346,1,1.9540000000000002,1,Low Value Customer
15092,457.81,135,2,5.378076923076923,2,Regular Customer
15093,4597.02,3760,6,2.7425,3,High Value Customer
15095,1370.6,1079,4,2.5157446808510637,1,Low Value Customer
15096,219.39000000000001,120,1,3.1118181818181814,1,Low Value Customer
15097,248.08,170,1,2.266,1,Low Value Customer
15099,410.48,343,1,2.073478260869565,1,Low Value Customer
15100,876.0,80,3,10.949999999999998,2,Regular Customer
15101,317.53,241,2,2.805,1,Low Value Customer
15103,703.36,329,2,5.646857142857144,2,Regular Customer
15104,1027.44,637,2,5.425942028985507,2,Regular Customer
15105,2298.93,1211,7,2.410792079207921,3,High Value Customer
15106,1422.52,1181,5,2.4882,1,Low Value Customer
15107,319.5,169,6,5.584375,2,Regular Customer
15108,1300.25,499,4,4.83,2,Regular Customer
15109,484.95,131,1,5.880357142857143,2,Regular Customer
15110,996.1,246,4,7.377142857142857,2,Regular Customer
15111,1567.48,710,3,3.682380952380952,1,Low Value Customer
15113,3609.33,2386,3,2.1344,3,High Value Customer
15114,2760.56,3096,10,1.5530964467005075,3,High Value Customer
15115,340.11,157,1,3.7304761904761907,1,Low Value Customer
15116,1352.75,648,4,2.7622222222222224,1,Low Value Customer
15117,1551.78,1948,5,2.230632911392405,3,High Value Customer
15118,244.8,1440,1,0.17,1,Low Value Customer
15119,266.4,88,1,7.728571428571429,2,Regular Customer
15120,358.82,296,1,4.91952380952381,2,Regular Customer
15121,457.72,199,2,4.226785714285714,1,Low Value Customer
15122,1633.78,800,3,3.2530487804878048,1,Low Value Customer
15123,2199.31,1195,2,3.053490566037736,1,Low Value Customer
15124,184.19,233,2,2.2046666666666668,1,Low Value Customer
15125,11528.48,6193,15,3.3869291338582674,0,Premium Customer
15127,406.53,251,1,1.838125,1,Low Value Customer
15128,1471.0,1343,4,2.071470588235294,1,Low Value Customer
15129,3447.4,1794,11,2.905238095238095,3,High Value Customer
15130,330.11,197,1,2.42,1,Low Value Customer
15132,977.9300000000001,679,5,2.062692307692308,1,Low Value Customer
15133,982.42,680,3,2.2120689655172416,1,Low Value Customer
15134,1387.99,887,8,2.300821917808219,3,High Value Customer
15135,139.05,43,1,3.5944444444444446,1,Low Value Customer
15136,1286.7,776,4,2.0561764705882353,1,Low Value Customer
15139,178.96,208,2,1.3546153846153846,1,Low Value Customer
15140,2354.25,1572,7,2.65775,3,High Value Customer
15142,498.74,365,1,2.419230769230769,1,Low Value Customer
15143,259.45,150,1,2.8335714285714286,1,Low Value Customer
15144,6580.44,3050,17,2.9005990783410134,0,Premium Customer
15145,1194.73,756,4,3.413731343283582,1,Low Value Customer
15146,1327.16,1473,2,1.5287912087912088,1,Low Value Customer
15147,623.5,366,1,2.9839285714285713,1,Low Value Customer
15148,301.29,187,1,2.5355,1,Low Value Customer
15149,520.8000000000001,128,1,5.95,2,Regular Customer
15150,5314.47,3658,10,2.928950437317784,3,High Value Customer
15152,4745.69,2704,13,3.474981549815498,3,High Value Customer
15153,329.25,198,1,4.66590909090909,2,Regular Customer
15154,296.42,104,1,2.957411764705882,1,Low Value Customer
15156,961.49,597,3,2.841090909090909,1,Low Value Customer
15157,1936.07,2392,3,1.84528,3,High Value Customer
15158,401.40000000000003,198,1,1.85,1,Low Value Customer
15160,158.16,84,1,1.7475,1,Low Value Customer
15163,304.47,186,2,2.437241379310345,1,Low Value Customer
15164,843.05,360,3,2.9453398058252427,1,Low Value Customer
15165,487.75,160,1,4.987037037037037,2,Regular Customer
15167,163.0,67,1,2.674390243902439,1,Low Value Customer
15168,106.56,52,1,3.338,1,Low Value Customer
15171,1289.5,290,1,3.7700000000000005,1,Low Value Customer
15172,1624.05,1611,5,2.087909090909091,3,High Value Customer
15174,135.75,145,1,1.549090909090909,1,Low Value Customer
15175,224.14,454,1,0.7404347826086957,1,Low Value Customer
15178,40.5,30,1,1.3499999999999999,1,Low Value Customer
15179,2206.95,1938,5,2.6174193548387095,3,High Value Customer
15180,87.5,36,1,3.266666666666667,1,Low Value Customer
15181,689.4799999999999,544,3,1.475625,1,Low Value Customer
15182,622.85,253,2,2.9741379310344827,1,Low Value Customer
15184,406.76,223,2,3.198888888888889,1,Low Value Customer
15185,310.62,666,1,2.3276190476190477,1,Low Value Customer
15186,411.41,215,2,3.38,1,Low Value Customer
15187,4777.18,1887,16,3.0318681318681318,3,High Value Customer
15192,1044.32,918,3,2.514705882352941,1,Low Value Customer
15193,499.32,144,1,6.397368421052631,2,Regular Customer
15194,7616.53,5703,15,2.4091290322580647,0,Premium Customer
15195,3861.0,1404,1,2.75,3,High Value Customer
15197,1079.6100000000001,469,3,3.0321875,1,Low Value Customer
15198,193.64,120,2,1.875,1,Low Value Customer
15199,1268.7,396,4,4.6,2,Regular Customer
15201,1236.54,1210,5,1.6153623188405797,1,Low Value Customer
15203,1827.8,1753,6,1.258169014084507,3,High Value Customer
15204,316.58,258,1,2.4044444444444446,1,Low Value Customer
15205,653.24,378,2,3.684594594594594,1,Low Value Customer
15206,420.29999999999995,162,4,2.683333333333333,1,Low Value Customer
15208,870.12,316,5,4.873333333333333,2,Regular Customer
15210,331.18,228,1,6.341,2,Regular Customer
15211,894.4100000000001,240,2,5.4957692307692305,2,Regular Customer
15212,101.8,36,1,3.63,1,Low Value Customer
15213,328.35,272,2,1.55375,1,Low Value Customer
15214,1661.44,1254,8,2.4215454545454547,3,High Value Customer
15215,734.94,225,3,5.166857142857143,2,Regular Customer
15216,96.6,28,1,4.8,2,Regular Customer
15218,5756.89,3329,11,3.0930120481927714,3,High Value Customer
15219,305.75,45,1,9.883333333333333,2,Regular Customer
15220,1778.96,1393,6,2.559059829059829,3,High Value Customer
15221,403.25,43,1,12.709999999999999,2,Regular Customer
15222,585.0,440,1,1.3439999999999999,1,Low Value Customer
15223,755.75,213,2,4.0865,1,Low Value Customer
15224,322.08,152,2,3.2135714285714285,1,Low Value Customer
15225,409.40000000000003,226,1,3.45,1,Low Value Customer
15226,154.41,71,1,3.8425,1,Low Value Customer
15227,1219.4,750,5,4.578448275862069,2,Regular Customer
15228,3386.71,2255,4,3.18552,3,High Value Customer
15230,429.6,351,2,1.7817391304347827,1,Low Value Customer
15232,612.06,686,2,1.0306451612903225,1,Low Value Customer
15234,197.0,196,1,1.682857142857143,1,Low Value Customer
15235,2247.51,1324,12,2.9905594405594402,3,High Value Customer
15236,321.05,269,1,1.6386666666666665,1,Low Value Customer
15237,1412.32,1071,4,2.5204040404040406,1,Low Value Customer
15238,1071.99,692,3,4.8076,2,Regular Customer
15239,780.59,594,2,1.9677551020408164,1,Low Value Customer
15240,1706.57,1369,5,2.5883333333333334,3,High Value Customer
15241,1756.44,1818,8,1.8820000000000001,3,High Value Customer
15243,316.68,185,1,2.4499999999999997,1,Low Value Customer
15244,631.57,405,2,2.3405882352941174,1,Low Value Customer
15245,2515.84,1784,3,1.8764044943820224,3,High Value Customer
15246,514.15,247,2,2.9833333333333334,1,Low Value Customer
15247,356.0,160,1,2.0833333333333335,1,Low Value Customer
15249,6688.46,3577,13,2.8037142857142854,0,Premium Customer
15251,10484.99,6171,11,3.865765765765766,0,Premium Customer
15252,740.78,522,2,2.062727272727273,1,Low Value Customer
15253,918.1999999999999,866,5,1.6766037735849058,1,Low Value Customer
15254,300.36,275,1,2.03,1,Low Value Customer
15255,890.85,489,1,2.7510638297872343,1,Low Value Customer
15256,98.45,55,1,1.8166666666666667,1,Low Value Customer
15258,623.16,142,2,5.6376470588235295,2,Regular Customer
15260,1810.77,885,7,3.4683116883116885,3,High Value Customer
15261,254.82,270,1,1.1994736842105262,1,Low Value Customer
15262,178.95000000000002,73,1,3.2950000000000004,1,Low Value Customer
15263,156.51,89,1,2.9575,1,Low Value Customer
15264,393.74,265,1,2.31,1,Low Value Customer
15265,1506.1200000000001,612,2,4.574390243902439,2,Regular Customer
15266,119.3,18,1,6.75,2,Regular Customer
15267,1717.36,944,5,1.8354545454545452,1,Low Value Customer
15270,2379.49,1521,7,6.593658536585365,2,Regular Customer
15271,2507.07,1262,15,2.7365328467153285,3,High Value Customer
15272,721.94,310,2,4.119047619047619,1,Low Value Customer
15274,716.57,619,2,2.0589361702127658,1,Low Value Customer
15275,615.14,498,1,3.257073170731707,1,Low Value Customer
15276,135.31,64,1,2.4048076923076924,1,Low Value Customer
15277,255.89999999999998,205,1,1.7708333333333333,1,Low Value Customer
15279,290.51,189,1,3.8610526315789473,1,Low Value Customer
15280,113.12,154,1,0.804375,1,Low Value Customer
15281,2332.15,1211,9,3.9148201438848917,3,High Value Customer
15286,240.55,55,1,4.45,2,Regular Customer
15287,486.69,433,2,2.559,1,Low Value Customer
15288,2306.52,775,5,3.3252272727272727,3,High Value Customer
15289,939.78,1008,3,1.2341379310344827,1,Low Value Customer
15290,7943.22,4501,18,3.2506862745098037,0,Premium Customer
15291,4668.3,2103,15,5.093495145631068,3,High Value Customer
15292,180.94,56,1,4.6328,2,Regular Customer
15296,3672.86,1766,6,3.4776288659793813,3,High Value Customer
15297,641.94,292,3,2.7343589743589742,1,Low Value Customer
15298,4799.9,3116,12,2.3919270833333335,3,High Value Customer
15300,496.44,292,1,2.862142857142857,1,Low Value Customer
15301,5070.35,2775,12,3.0046090534979424,3,High Value Customer
15303,574.02,248,1,3.8406451612903227,1,Low Value Customer
15304,694.4000000000001,104,8,7.467391304347826,2,Regular Customer
15306,1174.35,810,3,2.6510344827586207,1,Low Value Customer
15307,205.3,37,1,6.745833333333334,2,Regular Customer
15308,310.47,175,1,4.0336842105263155,1,Low Value Customer
15312,924.85,516,4,2.3721276595744683,1,Low Value Customer
15313,52.0,25,1,2.08,1,Low Value Customer
15314,327.97,313,1,1.71375,1,Low Value Customer
15315,570.5,862,2,0.8824324324324324,1,Low Value Customer
15316,165.0,100,1,1.65,1,Low Value Customer
15318,312.62,642,1,0.5857575757575758,1,Low Value Customer
15319,204.5,175,1,3.24125,1,Low Value Customer
15320,267.13,326,1,3.0636111111111113,1,Low Value Customer
15321,2748.31,1181,3,3.425684210526316,3,High Value Customer
15322,679.68,416,1,3.1121428571428575,1,Low Value Customer
15325,162.29,232,1,1.089591836734694,1,Low Value Customer
15326,311.71,386,1,1.4520689655172414,1,Low Value Customer
15327,208.75,116,1,4.397,2,Regular Customer
15329,1049.7,486,3,3.6938596491228073,1,Low Value Customer
15330,714.96,1312,2,0.5607692307692308,1,Low Value Customer
15332,1661.06,652,4,2.841142857142857,1,Low Value Customer
15333,1028.56,344,1,2.96375,1,Low Value Customer
15334,351.67,274,3,1.4963636363636361,1,Low Value Customer
15335,173.97,80,1,2.816388888888889,1,Low Value Customer
15339,574.07,416,2,2.373953488372093,1,Low Value Customer
15341,2020.52,812,1,2.9717647058823533,1,Low Value Customer
15342,406.09,283,1,2.368333333333333,1,Low Value Customer
15343,364.5,84,1,6.39047619047619,2,Regular Customer
15344,563.94,116,3,7.559230769230769,2,Regular Customer
15345,393.54,81,1,7.730499999999999,2,Regular Customer
15346,252.42000000000002,144,1,2.5700000000000003,1,Low Value Customer
15347,201.60000000000002,130,1,2.2700000000000005,1,Low Value Customer
15348,158.04,84,1,2.1133333333333333,1,Low Value Customer
15349,473.81,327,2,2.9402777777777778,1,Low Value Customer
15350,115.65,51,1,2.6700000000000004,1,Low Value Customer
15351,1960.1100000000001,753,7,2.8291555555555554,3,High Value Customer
15353,777.02,343,2,3.312857142857143,1,Low Value Customer
15355,277.05,45,2,6.114285714285715,2,Regular Customer
15356,2766.5,1673,10,1.9985356454720618,3,High Value Customer
15358,8347.2,7050,22,1.9899274047186934,0,Premium Customer
15360,427.93,223,1,2.3515384615384614,1,Low Value Customer
15361,418.92,336,1,1.3442857142857143,1,Low Value Customer
15363,326.0,144,1,2.9875000000000003,1,Low Value Customer
15364,913.19,493,2,1.9779310344827585,1,Low Value Customer
15365,2314.32,1084,7,3.088421052631579,3,High Value Customer
15366,602.51,621,2,2.4736363636363636,1,Low Value Customer
15367,1877.59,1057,4,2.9531578947368424,1,Low Value Customer
15368,446.94000000000005,230,1,3.56,1,Low Value Customer
15370,2386.05,830,7,3.799255319148936,3,High Value Customer
15372,2007.3999999999999,2924,1,0.8248148148148148,3,High Value Customer
15373,2415.91,500,12,5.201363636363637,3,High Value Customer
15374,168.0,126,1,3.8166666666666664,1,Low Value Customer
15376,1233.3600000000001,619,3,2.8952991452991452,1,Low Value Customer
15379,3703.29,2305,7,2.5399484536082473,3,High Value Customer
15380,1690.2600000000002,376,5,6.140555555555555,2,Regular Customer
15381,596.85,171,2,6.2,2,Regular Customer
15382,5955.71,4012,6,2.4367549668874173,3,High Value Customer
15384,642.41,596,2,1.8617073170731706,1,Low Value Customer
15385,316.88,161,1,2.22,1,Low Value Customer
15386,394.14,446,1,1.3864516129032256,1,Low Value Customer
15388,140.54,88,1,2.0629999999999997,1,Low Value Customer
15389,500.0,400,1,1.25,1,Low Value Customer
15392,1535.53,1277,4,2.1430952380952384,1,Low Value Customer
15393,231.86,150,2,1.5783333333333334,1,Low Value Customer
15394,2183.54,910,4,3.2396470588235293,1,Low Value Customer
15395,107.45,17,1,6.542857142857143,2,Regular Customer
15396,288.18,122,1,3.599285714285714,1,Low Value Customer
15397,94.0,20,1,4.933333333333334,2,Regular Customer
15398,1345.53,769,2,2.694794520547945,1,Low Value Customer
15399,815.77,611,3,1.9098,1,Low Value Customer
15400,716.2,390,5,2.1041666666666665,1,Low Value Customer
15402,626.77,694,2,3.5076190476190474,1,Low Value Customer
15405,349.1,193,1,3.6,1,Low Value Customer
15406,510.71000000000004,254,2,3.2645283018867928,1,Low Value Customer
15407,1056.44,558,4,3.8966666666666665,1,Low Value Customer
15408,267.18,106,1,4.476176470588236,2,Regular Customer
15410,3450.84,1200,8,3.8858196721311473,3,High Value Customer
15411,1358.88,530,4,4.114242424242424,1,Low Value Customer
15412,190.53,108,1,3.471,1,Low Value Customer
15414,774.9000000000001,443,3,3.2115384615384617,1,Low Value Customer
15415,572.8100000000001,575,1,1.7456250000000002,1,Low Value Customer
15416,3984.32,2090,4,3.266666666666667,3,High Value Customer
15417,508.8,284,1,1.8735714285714287,1,Low Value Customer
15419,135.86,230,1,1.3112499999999998,1,Low Value Customer
15421,950.36,500,4,2.674150943396226,1,Low Value Customer
15422,97.7,38,2,3.016666666666667,1,Low Value Customer
15423,43.5,101,1,3.93,1,Low Value Customer
15424,383.34,554,2,1.7388235294117649,1,Low Value Customer
15426,1447.39,674,5,2.6877739726027396,1,Low Value Customer
15427,1483.14,1013,3,2.1190522875816993,1,Low Value Customer
15428,93.78,102,1,1.8633333333333333,1,Low Value Customer
15429,397.35,380,2,2.0679268292682926,1,Low Value Customer
15432,171.19,65,1,2.909,1,Low Value Customer
15433,533.3,534,2,1.2573170731707317,1,Low Value Customer
15434,1041.48,647,5,3.250181818181818,1,Low Value Customer
15435,149.29,54,1,3.7351724137931037,1,Low Value Customer
15436,1122.53,613,3,2.1387841945288755,1,Low Value Customer
15437,200.16,79,1,2.845333333333333,1,Low Value Customer
15438,156.57999999999998,59,1,3.5376,1,Low Value Customer
15440,383.68,197,3,2.338709677419355,1,Low Value Customer
15442,594.0,120,1,4.95,2,Regular Customer
15443,3236.91,1663,7,2.966649214659686,3,High Value Customer
15444,1418.26,764,2,2.800821917808219,1,Low Value Customer
15445,113.5,58,1,5.55,2,Regular Customer
15447,155.17,85,1,3.121111111111111,1,Low Value Customer
15448,494.64,232,1,3.5778571428571424,1,Low Value Customer
15449,974.52,812,3,1.901166666666667,1,Low Value Customer
15450,429.84,376,1,2.1726666666666667,1,Low Value Customer
15452,538.73,283,3,2.589827586206897,1,Low Value Customer
15453,1388.37,845,7,2.5453146853146853,3,High Value Customer
15454,179.1,86,1,2.782,1,Low Value Customer
15456,447.22,660,3,1.605,1,Low Value Customer
15457,237.07,132,1,1.8825862068965518,1,Low Value Customer
15458,161.64,156,1,1.2242857142857144,1,Low Value Customer
15460,216.76,109,1,2.828275862068965,1,Low Value Customer
15462,234.6,172,3,1.55,1,Low Value Customer
15463,126.14,106,1,1.8557142857142856,1,Low Value Customer
15464,1048.85,350,1,4.210891719745223,1,Low Value Customer
15465,7354.62,1257,18,6.698762886597938,0,Premium Customer
15466,334.53,246,1,1.9087719298245613,1,Low Value Customer
15467,524.88,310,3,2.2582692307692307,1,Low Value Customer
15468,467.51,155,2,4.485833333333333,2,Regular Customer
15469,538.55,153,2,6.004166666666666,2,Regular Customer
15471,469.48,266,1,1.9992207792207792,1,Low Value Customer
15472,371.56,251,1,2.2892105263157894,1,Low Value Customer
15473,1771.2,672,7,2.659090909090909,3,High Value Customer
15475,454.10999999999996,319,1,1.8268965517241378,1,Low Value Customer
15478,1441.42,585,2,3.5232608695652172,1,Low Value Customer
15480,905.5,303,1,4.2637777777777774,1,Low Value Customer
15482,11054.96,5020,12,3.8308163265306123,0,Premium Customer
15483,233.81,295,4,1.6330681818181818,1,Low Value Customer
15484,3594.31,3152,4,2.175478723404255,3,High Value Customer
15485,2575.0,1306,3,3.181627906976744,3,High Value Customer
15488,91.32000000000001,73,1,8.03,2,Regular Customer
15489,1134.28,608,3,2.978,1,Low Value Customer
15491,3100.09,1646,6,3.89538961038961,3,High Value Customer
15492,659.4599999999999,483,2,2.5388571428571427,1,Low Value Customer
15493,2001.8,560,5,4.442053872053872,2,Regular Customer
15494,1299.23,1148,2,2.39016,1,Low Value Customer
15497,1262.2,624,2,3.5933333333333333,1,Low Value Customer
15498,13316.4,6105,27,3.17880859375,0,Premium Customer
15500,1131.56,572,4,4.561323529411765,2,Regular Customer
15503,147.09,74,1,2.053142857142857,1,Low Value Customer
15504,52.83,33,1,2.2315384615384617,1,Low Value Customer
15505,3610.96,2390,5,2.352061855670103,3,High Value Customer
15506,979.26,848,3,1.7823170731707318,1,Low Value Customer
15507,492.36,162,1,4.053260869565217,1,Low Value Customer
15508,1000.27,440,6,3.392608695652174,1,Low Value Customer
15511,909.23,271,5,3.9933750000000003,1,Low Value Customer
15512,121.0,68,2,1.95,1,Low Value Customer
15513,14758.220000000001,5709,19,4.107370129870129,0,Premium Customer
15514,4139.46,2160,11,2.3592134831460676,3,High Value Customer
15516,62.43,27,3,2.7786666666666666,1,Low Value Customer
15517,267.03,293,1,1.807777777777778,1,Low Value Customer
15518,1942.45,1273,8,2.4641588785046733,3,High Value Customer
15520,343.5,314,1,1.7244444444444444,1,Low Value Customer
15521,3000.2,1836,8,3.418594594594594,3,High Value Customer
15522,398.84,573,2,0.9498245614035088,1,Low Value Customer
15523,412.01000000000005,132,1,3.6310000000000002,1,Low Value Customer
15525,825.92,416,3,2.703258426966292,1,Low Value Customer
15526,148.44,24,2,5.494999999999999,2,Regular Customer
15527,2429.78,992,8,3.3190797546012267,3,High Value Customer
15528,229.33,123,1,2.6076923076923078,1,Low Value Customer
15529,3995.23,3496,11,1.7170982142857145,3,High Value Customer
15530,1502.35,950,4,2.843518518518519,1,Low Value Customer
15531,2007.44,1105,2,3.037982456140351,1,Low Value Customer
15532,1580.93,521,4,3.8781640625,1,Low Value Customer
15533,807.57,289,3,4.041927710843374,1,Low Value Customer
15535,536.4,143,4,4.692666666666667,2,Regular Customer
15537,110.92,29,1,3.862083333333333,1,Low Value Customer
15539,538.46,410,1,1.343658536585366,1,Low Value Customer
15540,213.3,200,1,1.7133333333333334,1,Low Value Customer
15541,85.13000000000001,49,1,2.0941379310344828,1,Low Value Customer
15543,127.86,86,1,2.1992857142857143,1,Low Value Customer
15544,3546.71,3109,9,1.5977992277992277,3,High Value Customer
15545,292.71999999999997,163,2,2.6919753086419753,1,Low Value Customer
15547,4954.84,4032,14,2.6033048433048434,0,Premium Customer
15549,1693.26,698,3,3.284173913043478,1,Low Value Customer
15550,575.63,295,4,2.803934426229508,1,Low Value Customer
15551,436.06,218,1,3.9306896551724138,1,Low Value Customer
15552,90.12,60,1,1.7841176470588236,1,Low Value Customer
15553,437.23,451,1,2.4103571428571433,1,Low Value Customer
15554,217.2,74,1,4.810714285714285,2,Regular Customer
15555,4805.17,4439,16,1.6966740823136819,0,Premium Customer
15556,279.77,236,1,1.7899999999999998,1,Low Value Customer
15557,473.65000000000003,219,1,3.5595,1,Low Value Customer
15561,800.59,267,4,4.274814814814815,1,Low Value Customer
15562,134.55,39,1,3.45,1,Low Value Customer
15563,1400.44,1501,4,1.883362831858407,1,Low Value Customer
15565,173.16,60,2,4.56625,2,Regular Customer
15567,186.01,223,1,3.2357142857142853,1,Low Value Customer
15568,758.29,461,3,2.5564150943396227,1,Low Value Customer
15569,1375.71,666,5,2.165161290322581,1,Low Value Customer
15570,4165.52,2067,12,3.6973993808049537,3,High Value Customer
15571,650.4300000000001,264,4,2.701578947368421,1,Low Value Customer
15572,2552.86,1229,7,3.6436279069767443,3,High Value Customer
15573,607.45,363,2,2.8558653846153845,1,Low Value Customer
15574,702.25,349,4,2.5163690476190474,1,Low Value Customer
15576,940.6700000000001,404,1,3.5811111111111114,1,Low Value Customer
15577,258.88,89,3,3.0605128205128205,1,Low Value Customer
15578,127.1,52,1,2.3884615384615384,1,Low Value Customer
15579,348.6,120,2,4.046666666666667,1,Low Value Customer
15582,682.9100000000001,453,3,2.3970454545454545,1,Low Value Customer
15584,725.11,314,4,3.0995121951219513,1,Low Value Customer
15585,455.3,320,1,2.2641935483870967,1,Low Value Customer
15587,913.6800000000001,312,4,2.9166666666666665,1,Low Value Customer
15589,478.53000000000003,243,3,3.6893103448275864,1,Low Value Customer
15592,388.58,354,1,1.5645833333333334,1,Low Value Customer
15593,199.8,60,1,3.3299999999999996,1,Low Value Customer
15594,1771.78,983,5,3.1589320388349513,3,High Value Customer
15596,1406.59,561,5,4.183246753246753,1,Low Value Customer
15597,324.57,279,1,1.6090909090909091,1,Low Value Customer
15598,240.68,160,1,2.5564285714285715,1,Low Value Customer
15599,761.74,718,2,1.8890384615384617,1,Low Value Customer
15601,6776.56,4983,14,2.6858536585365855,0,Premium Customer
15602,1297.8700000000001,1137,9,2.409782608695652,3,High Value Customer
15603,48.480000000000004,96,1,0.505,1,Low Value Customer
15604,216.39,159,1,1.543529411764706,1,Low Value Customer
15605,1198.23,441,5,4.588358208955224,2,Regular Customer
15606,2920.16,892,9,3.7179220779220774,3,High Value Customer
15607,104.76,202,1,1.1753846153846153,1,Low Value Customer
15608,1093.68,714,4,3.255666666666667,1,Low Value Customer
15609,298.48,148,1,4.44625,2,Regular Customer
15610,112.46000000000001,66,1,1.8733333333333333,1,Low Value Customer
15611,1591.45,504,13,5.777674418604651,3,High Value Customer
15612,195.15,52,2,6.141666666666667,2,Regular Customer
15615,10399.74,5508,23,2.562931442080378,0,Premium Customer
15618,776.851,454,4,2.550911111111111,1,Low Value Customer
15619,336.40000000000003,136,1,4.416666666666667,2,Regular Customer
15620,1553.18,915,3,3.7297000000000002,1,Low Value Customer
15621,1293.03,501,4,2.06625,1,Low Value Customer
15622,3709.56,1674,9,4.08372972972973,3,High Value Customer
15623,301.03,125,1,4.2905263157894735,1,Low Value Customer
15624,588.13,357,4,3.6561764705882354,1,Low Value Customer
15625,1534.26,1188,4,1.62359375,1,Low Value Customer
15626,675.8,766,2,1.646938775510204,1,Low Value Customer
15628,2870.2400000000002,1894,9,2.3046451612903227,3,High Value Customer
15630,1186.35,800,2,2.8271666666666664,1,Low Value Customer
15632,3285.31,2109,8,2.695928143712575,3,High Value Customer
15634,243.55,99,1,3.7266666666666666,1,Low Value Customer
15636,724.76,284,2,3.1712000000000002,1,Low Value Customer
15637,223.36,128,1,3.026666666666667,1,Low Value Customer
15639,425.32,323,1,4.3084,1,Low Value Customer
15640,12515.66,6607,15,2.7894628099173553,0,Premium Customer
15641,1887.2,1562,4,1.9095798319327733,3,High Value Customer
15643,664.0,246,3,5.933030303030303,2,Regular Customer
15644,813.0,557,4,1.7819327731092438,1,Low Value Customer
15645,612.01,256,1,2.9526923076923075,1,Low Value Customer
15646,447.64000000000004,394,3,2.914285714285714,1,Low Value Customer
15648,657.35,221,2,4.58,2,Regular Customer
15649,816.0,192,2,4.25,1,Low Value Customer
15651,646.3,479,3,2.1584375,1,Low Value Customer
15652,337.74,208,1,3.8533333333333335,1,Low Value Customer
15653,877.4399999999999,1200,2,0.9066666666666666,1,Low Value Customer
15654,922.53,475,2,3.070952380952381,1,Low Value Customer
15655,560.67,324,1,3.0920588235294115,1,Low Value Customer
15656,748.5,343,4,4.41127659574468,2,Regular Customer
15657,30.0,24,1,1.25,1,Low Value Customer
15658,1024.1000000000001,242,5,6.244791666666667,2,Regular Customer
15659,306.45,111,1,5.459090909090909,2,Regular Customer
15660,1600.86,1050,9,2.3347777777777776,3,High Value Customer
15661,309.8,236,2,0.9099999999999999,1,Low Value Customer
15663,138.14,106,1,2.51,1,Low Value Customer
15664,386.43,157,1,4.165294117647059,1,Low Value Customer
15665,2242.01,1666,2,2.2631896551724138,1,Low Value Customer
15667,301.32,240,1,1.5553846153846154,1,Low Value Customer
15668,76.32000000000001,72,1,1.06,1,Low Value Customer
15669,684.34,342,4,3.212121212121212,1,Low Value Customer
15670,173.05,91,1,3.15,1,Low Value Customer
15671,2657.13,1699,7,2.4162820512820513,3,High Value Customer
15673,2881.02,1514,4,2.949225806451613,3,High Value Customer
15674,2446.6,1275,5,5.779999999999999,2,Regular Customer
15675,323.69,527,3,2.8790476190476193,1,Low Value Customer
15676,3435.76,2252,3,3.1958415841584156,3,High Value Customer
15677,657.23,319,1,3.582121212121212,1,Low Value Customer
15678,352.7,184,1,2.04,1,Low Value Customer
15679,781.28,1170,4,1.1043636363636364,1,Low Value Customer
15680,1333.68,952,3,2.42,1,Low Value Customer
15681,1426.16,816,5,1.9690566037735848,1,Low Value Customer
15683,193.75,131,1,2.163,1,Low Value Customer
15687,2993.1,1310,9,4.248253012048193,3,High Value Customer
15689,254.1,84,2,3.5,1,Low Value Customer
15690,239.76,408,2,0.6831578947368421,1,Low Value Customer
15691,136.8,72,1,1.9,1,Low Value Customer
15692,191.04,138,1,1.9041666666666668,1,Low Value Customer
15694,6479.4,1677,14,4.71076923076923,3,High Value Customer
15695,409.98,212,2,2.887272727272727,1,Low Value Customer
15696,2736.46,1028,8,4.26625730994152,3,High Value Customer
15699,309.65,113,1,6.181111111111111,2,Regular Customer
15700,696.68,357,2,2.933488372093023,1,Low Value Customer
15701,1542.14,923,4,2.94168776371308,1,Low Value Customer
15703,211.5,66,1,2.93,1,Low Value Customer
15704,2293.62,1028,4,3.227008547008547,3,High Value Customer
15705,143.1,62,1,6.05,2,Regular Customer
15706,1060.56,321,4,5.126181818181818,2,Regular Customer
15707,945.58,605,4,2.2814953271028036,1,Low Value Customer
15708,3364.2400000000002,1267,7,4.0928125,3,High Value Customer
15709,133.25,121,1,2.415,1,Low Value Customer
15712,1072.3600000000001,486,5,3.666792452830189,1,Low Value Customer
15713,356.7,150,2,5.338421052631579,2,Regular Customer
15714,330.88,187,2,3.0614285714285714,1,Low Value Customer
15716,1118.81,744,4,2.288728813559322,1,Low Value Customer
15717,150.3,70,1,2.4714285714285715,1,Low Value Customer
15719,5045.61,2725,13,2.200554962646745,3,High Value Customer
15720,598.73,281,1,2.46609375,1,Low Value Customer
15721,507.08,409,1,2.0571428571428574,1,Low Value Customer
15722,2222.56,1026,5,3.047536231884058,3,High Value Customer
15723,203.1,87,1,2.5853658536585367,1,Low Value Customer
15724,218.25,73,2,3.4136363636363636,1,Low Value Customer
15725,415.25,221,1,2.65125,1,Low Value Customer
15727,5178.96,3065,7,3.2481456953642387,3,High Value Customer
15729,85.0,28,1,3.75,1,Low Value Customer
15730,1120.88,689,3,2.9675714285714285,1,Low Value Customer
15732,294.12,215,2,1.8907142857142856,1,Low Value Customer
15733,162.3,62,1,4.35,2,Regular Customer
15734,1339.45,346,2,4.843846153846154,2,Regular Customer
15737,1205.1200000000001,599,8,3.910416666666667,3,High Value Customer
15738,4812.42,2982,16,2.12121387283237,0,Premium Customer
15739,449.12,472,1,2.52375,1,Low Value Customer
15740,154.88,152,1,2.4722222222222223,1,Low Value Customer
15743,784.46,216,4,4.683863636363636,2,Regular Customer
15744,34.8,120,1,0.29,1,Low Value Customer
15745,1094.59,421,4,4.3022580645161295,1,Low Value Customer
15746,196.88,178,1,1.4835714285714285,1,Low Value Customer
15747,974.04,480,3,2.459569892473118,1,Low Value Customer
15748,149.31,51,1,3.7361904761904765,1,Low Value Customer
15750,2465.48,1786,8,2.4343003412969284,3,High Value Customer
15752,2637.38,1978,7,1.752676399026764,3,High Value Customer
15753,79.2,144,1,0.55,1,Low Value Customer
15754,458.57,199,3,2.7239285714285715,1,Low Value Customer
15755,2364.25,1427,6,3.1785106382978725,3,High Value Customer
15756,532.96,242,4,2.477239583333333,1,Low Value Customer
15757,714.42,491,2,2.7295555555555557,1,Low Value Customer
15758,205.25,47,1,4.427777777777778,2,Regular Customer
15759,253.04,60,3,5.174285714285714,2,Regular Customer
15762,583.75,251,2,4.0018918918918915,1,Low Value Customer
15763,1086.92,271,2,6.6593442622950825,2,Regular Customer
15764,3279.97,2050,6,2.836666666666667,3,High Value Customer
15766,315.06,170,1,3.208181818181818,1,Low Value Customer
15768,621.8299999999999,244,3,7.899259259259259,2,Regular Customer
15773,635.6800000000001,311,1,1.334,1,Low Value Customer
15774,270.8,87,1,4.802,2,Regular Customer
15775,104.9,68,1,2.4714285714285715,1,Low Value Customer
15776,241.62,138,1,4.183888888888889,1,Low Value Customer
15777,1047.11,378,4,3.823333333333333,1,Low Value Customer
15780,475.28000000000003,220,3,4.157586206896552,1,Low Value Customer
15781,345.46,180,3,3.9675,1,Low Value Customer
15782,2614.7400000000002,864,3,6.1141860465116284,2,Regular Customer
15783,246.3,212,1,3.4364285714285714,1,Low Value Customer
15785,2328.9700000000003,1612,5,3.2433734939759034,3,High Value Customer
15786,4932.2,3364,3,2.732322097378277,3,High Value Customer
15787,948.05,540,3,2.164708737864078,1,Low Value Customer
15789,351.3,438,1,0.9984000000000001,1,Low Value Customer
15790,220.85,114,1,3.424285714285714,1,Low Value Customer
15791,1612.69,731,2,3.256266666666667,1,Low Value Customer
15793,965.61,553,3,3.0975,1,Low Value Customer
15795,610.01,581,1,3.058095238095238,1,Low Value Customer
15796,2711.56,861,8,3.9022556390977443,3,High Value Customer
15797,2207.4,873,4,4.23125,1,Low Value Customer
15799,884.14,955,3,2.267448979591837,1,Low Value Customer
15800,699.08,335,2,2.712689075630252,1,Low Value Customer
15801,1063.95,570,3,2.96421875,1,Low Value Customer
15803,415.82000000000005,290,1,1.74875,1,Low Value Customer
15804,4206.39,2565,13,3.7104961832061067,3,High Value Customer
15805,5528.4800000000005,3387,17,2.7423920265780732,0,Premium Customer
15806,784.58,602,3,2.004193548387097,1,Low Value Customer
15807,903.9,430,3,2.5812500000000003,1,Low Value Customer
15808,3734.9700000000003,1343,4,3.5788461538461536,3,High Value Customer
15809,515.77,301,5,4.123142857142857,1,Low Value Customer
15810,1391.98,861,4,2.6612359550561795,1,Low Value Customer
15811,2218.62,1071,6,3.487669172932331,3,High Value Customer
15812,1801.14,922,5,5.051707317073171,2,Regular Customer
15813,1303.9099999999999,603,2,3.775,1,Low Value Customer
15814,1945.33,1271,4,3.284861111111111,3,High Value Customer
15815,2100.6,1856,5,2.160408163265306,3,High Value Customer
15819,1905.45,1357,4,2.0016260162601625,1,Low Value Customer
15820,206.98,128,1,2.2494117647058824,1,Low Value Customer
15821,570.96,202,2,3.696451612903226,1,Low Value Customer
15822,885.47,375,2,3.369393939393939,1,Low Value Customer
15825,532.94,220,1,8.8395,2,Regular Customer
15826,1654.31,963,3,3.2094117647058824,1,Low Value Customer
15827,1836.0900000000001,882,14,4.353130434782609,3,High Value Customer
15829,636.14,996,2,1.0527450980392157,1,Low Value Customer
15830,576.0,415,1,2.913846153846154,1,Low Value Customer
15831,801.76,1105,3,2.6416176470588235,1,Low Value Customer
15832,836.79,465,1,2.310185185185185,1,Low Value Customer
15834,2233.75,965,4,4.069487179487179,3,High Value Customer
15835,954.09,439,4,3.073,1,Low Value Customer
15836,137.37,26,1,9.244,2,Regular Customer
15837,391.98,189,1,4.09125,1,Low Value Customer
15839,1048.49,675,3,2.1283870967741936,1,Low Value Customer
15840,355.56,396,2,1.961111111111111,1,Low Value Customer
15841,1224.06,942,4,1.416808510638298,1,Low Value Customer
15843,118.95000000000002,27,1,7.14375,2,Regular Customer
15844,130.73999999999998,134,1,1.7936363636363637,1,Low Value Customer
15845,3711.77,1926,8,2.730144927536232,3,High Value Customer
15847,389.27,449,2,3.35,1,Low Value Customer
15850,238.85,302,2,1.5638144329896908,1,Low Value Customer
15852,160.71,48,2,3.355,1,Low Value Customer
15853,110.8,135,1,1.4693333333333334,1,Low Value Customer
15854,2974.65,939,12,2.9360714285714287,3,High Value Customer
15855,712.24,470,5,1.886,1,Low Value Customer
15856,16387.57,11005,27,1.7719379844961243,0,Premium Customer
15857,297.0,308,1,0.9428571428571428,1,Low Value Customer
15858,1438.85,1167,5,2.3072774869109947,1,Low Value Customer
15860,977.21,440,8,3.4395070422535214,3,High Value Customer
15861,3165.36,2544,8,1.871190476190476,3,High Value Customer
15862,832.88,585,4,2.7378911564625854,1,Low Value Customer
15863,68.84,19,2,3.708888888888889,1,Low Value Customer
15864,1936.3200000000002,1192,6,2.7265,3,High Value Customer
15865,895.13,368,3,5.611,2,Regular Customer
15866,230.53,126,1,3.8722222222222222,1,Low Value Customer
15867,3812.64,2054,15,3.4156399132321043,3,High Value Customer
15869,149.64,175,2,2.1420000000000003,1,Low Value Customer
15870,354.09000000000003,335,1,1.801842105263158,1,Low Value Customer
15872,360.93,212,2,2.07296875,1,Low Value Customer
15874,4405.88,2534,7,5.8974166666666665,3,High Value Customer
15877,493.28,371,2,1.8717829457364341,1,Low Value Customer
15880,343.28000000000003,211,1,2.1701904761904762,1,Low Value Customer
15881,501.39000000000004,260,5,3.3168965517241378,1,Low Value Customer
15882,516.36,276,4,1.9078260869565218,1,Low Value Customer
15883,396.48,223,2,2.9546938775510205,1,Low Value Customer
15885,379.35,111,3,5.686111111111111,2,Regular Customer
15886,181.09,147,1,2.9975,1,Low Value Customer
15888,168.31,76,1,2.464166666666667,1,Low Value Customer
15889,446.87,215,2,2.8899999999999997,1,Low Value Customer
15891,524.52,442,1,2.651774193548387,1,Low Value Customer
15894,263.55,168,2,2.0119512195121954,1,Low Value Customer
15895,179.17,94,1,1.9845454545454544,1,Low Value Customer
15897,222.05,261,2,2.0920833333333335,1,Low Value Customer
15898,1388.88,570,5,3.322674418604651,1,Low Value Customer
15899,56.25,39,1,4.125,1,Low Value Customer
15900,351.11,221,1,2.0315686274509805,1,Low Value Customer
15901,363.88,384,3,2.0995689655172414,1,Low Value Customer
15903,5126.76,2410,7,2.245135135135135,3,High Value Customer
15904,164.68,84,1,2.953333333333333,1,Low Value Customer
15906,1567.69,544,7,3.3830666666666667,3,High Value Customer
15907,967.45,509,3,2.590240963855422,1,Low Value Customer
15909,191.94,98,1,1.8599999999999999,1,Low Value Customer
15910,1232.18,1015,8,1.8127340823970037,3,High Value Customer
15912,264.62,185,2,2.0957894736842104,1,Low Value Customer
15916,1528.09,757,8,3.7222580645161294,3,High Value Customer
15917,123.1,42,1,5.1499999999999995,2,Regular Customer
15918,334.23,153,2,2.5142499999999997,1,Low Value Customer
15919,639.89,545,2,2.4646153846153847,1,Low Value Customer
15920,167.5,99,4,2.1593333333333335,1,Low Value Customer
15921,336.03000000000003,166,1,3.7872000000000003,1,Low Value Customer
15922,369.5,138,1,4.409090909090909,2,Regular Customer
15923,127.08,122,1,2.814761904761905,1,Low Value Customer
15925,207.15,93,1,2.8958333333333335,1,Low Value Customer
15930,426.63,139,1,4.022857142857143,1,Low Value Customer
15932,2495.87,2325,8,1.4927826086956522,3,High Value Customer
15933,1107.46,885,3,2.1356756756756754,1,Low Value Customer
15937,145.35,73,1,2.3714285714285714,1,Low Value Customer
15938,404.58,240,5,2.320555555555556,1,Low Value Customer
15939,6115.01,4728,15,1.7944736842105262,0,Premium Customer
15940,35.8,4,1,8.95,2,Regular Customer
15942,337.44,232,1,2.657857142857143,1,Low Value Customer
15944,325.1,50,1,5.083333333333333,2,Regular Customer
15945,181.0,52,1,2.75,1,Low Value Customer
15947,1708.24,898,1,4.022068965517241,1,Low Value Customer
15948,955.24,567,2,2.5215,1,Low Value Customer
15949,364.72,284,2,1.8247368421052632,1,Low Value Customer
15950,1765.51,729,4,3.335,1,Low Value Customer
15951,708.22,313,2,3.700731707317073,1,Low Value Customer
15952,806.57,399,4,3.2756043956043954,1,Low Value Customer
15953,1659.3799999999999,892,8,2.719795918367347,3,High Value Customer
15955,4416.26,2135,14,2.833169398907104,3,High Value Customer
15957,428.89,211,1,2.787857142857143,1,Low Value Customer
15958,104.35,33,1,3.9842857142857144,1,Low Value Customer
15963,470.76,298,2,2.41,1,Low Value Customer
15965,845.64,453,4,2.287704918032787,1,Low Value Customer
15967,418.83,211,2,2.8676190476190477,1,Low Value Customer
15969,666.1,124,3,7.0825000000000005,2,Regular Customer
15970,314.1,116,1,2.6,1,Low Value Customer
15971,4199.85,1717,12,2.3254285714285716,3,High Value Customer
15973,307.82000000000005,106,1,4.4275,2,Regular Customer
15974,3442.15,2262,7,2.819545454545455,3,High Value Customer
15975,371.01,243,1,2.1433333333333335,1,Low Value Customer
15976,430.94,277,2,2.4076530612244897,1,Low Value Customer
15977,1054.73,1016,2,2.9993846153846153,1,Low Value Customer
15978,1098.78,888,1,1.9628571428571426,1,Low Value Customer
15980,2398.86,1560,3,2.072558139534884,3,High Value Customer
15981,3408.48,1866,8,2.2077319587628867,3,High Value Customer
15983,1475.02,892,4,2.1008849557522122,1,Low Value Customer
15984,2837.67,1843,10,2.730962962962963,3,High Value Customer
15985,1142.42,1086,2,1.8202702702702702,1,Low Value Customer
15986,168.12,268,1,0.897142857142857,1,Low Value Customer
15987,1451.28,1556,7,2.154642857142857,3,High Value Customer
15988,158.03,181,1,3.451851851851852,1,Low Value Customer
15990,792.11,443,2,3.0548076923076923,1,Low Value Customer
15992,41.989999999999995,17,1,6.109999999999999,2,Regular Customer
15993,2797.57,2051,7,2.233713768115942,3,High Value Customer
15994,427.07,177,1,3.388,1,Low Value Customer
15996,1060.68,384,6,3.9843076923076928,1,Low Value Customer
15998,3089.97,2041,5,2.5529446640316205,3,High Value Customer
16000,12393.7,5110,3,3.3455555555555554,0,Premium Customer
16003,2735.37,1185,5,5.018446601941747,3,High Value Customer
16005,615.39,300,4,2.3735779816513762,1,Low Value Customer
16006,101.4,84,1,1.5775000000000001,1,Low Value Customer
16007,1701.94,1393,4,1.78612987012987,1,Low Value Customer
16008,478.78,323,3,2.111515151515152,1,Low Value Customer
16009,992.71,378,4,3.313888888888889,1,Low Value Customer
16010,407.5,210,3,2.2238372093023258,1,Low Value Customer
16011,3362.71,2042,16,2.1162735849056604,3,High Value Customer
16012,1415.29,799,3,2.5875531914893615,1,Low Value Customer
16014,662.38,265,3,2.8024137931034483,1,Low Value Customer
16015,705.39,909,3,1.2462637362637363,1,Low Value Customer
16016,1508.76,620,8,2.9934468085106385,3,High Value Customer
16017,211.88,102,1,2.675625,1,Low Value Customer
16018,408.90000000000003,190,2,3.3039285714285715,1,Low Value Customer
16019,3786.2400000000002,1733,9,3.3305,3,High Value Customer
16020,851.01,487,3,2.4445652173913044,1,Low Value Customer
16022,628.28,261,1,3.3089473684210526,1,Low Value Customer
16023,719.81,358,3,3.1293069306930694,1,Low Value Customer
16024,251.24,398,1,1.11484375,1,Low Value Customer
16025,439.65999999999997,338,1,1.9764285714285712,1,Low Value Customer
16026,236.09,243,1,1.285625,1,Low Value Customer
16027,934.62,1147,6,13.510000000000002,2,Regular Customer
16030,331.24,283,1,2.3137931034482757,1,Low Value Customer
16031,548.94,423,2,2.7897000000000003,1,Low Value Customer
16033,8816.4,3539,20,3.34532981530343,0,Premium Customer
16034,437.7,242,3,2.5545454545454547,1,Low Value Customer
16036,758.92,716,2,2.1336363636363638,1,Low Value Customer
16037,855.02,428,3,3.1225641025641027,1,Low Value Customer
16038,471.78000000000003,244,3,3.19,1,Low Value Customer
16040,1313.55,684,3,3.9113846153846157,1,Low Value Customer
16041,3166.4,1584,3,5.39,2,Regular Customer
16042,1197.27,755,5,2.9728169014084505,1,Low Value Customer
16043,773.99,503,4,4.506923076923077,2,Regular Customer
16045,1340.7,897,4,2.8589156626506025,1,Low Value Customer
16048,256.44,144,2,1.62125,1,Low Value Customer
16049,1111.79,793,3,2.019967948717949,1,Low Value Customer
16050,137.9,278,1,2.585,1,Low Value Customer
16052,362.06,282,1,2.4885294117647057,1,Low Value Customer
16053,1511.95,1793,2,2.883809523809524,1,Low Value Customer
16054,783.9,380,1,3.998142857142857,1,Low Value Customer
16055,134.8,22,1,8.9875,2,Regular Customer
16056,664.85,347,1,3.7658823529411762,1,Low Value Customer
16057,2263.12,863,7,4.028181818181818,3,High Value Customer
16059,1459.8600000000001,643,6,3.109333333333333,1,Low Value Customer
16062,1153.62,800,4,2.7225,1,Low Value Customer
16063,335.32,262,1,2.242608695652174,1,Low Value Customer
16065,372.09,231,1,1.8732432432432433,1,Low Value Customer
16066,1521.87,936,5,3.1003921568627453,1,Low Value Customer
16070,852.15,457,2,2.1045454545454545,1,Low Value Customer
16071,326.24,180,1,2.737142857142857,1,Low Value Customer
16072,584.3199999999999,140,1,8.399565217391304,2,Regular Customer
16073,122.39999999999999,48,1,2.55,1,Low Value Customer
16076,2234.73,1435,10,2.541007751937985,3,High Value Customer
16078,79.2,16,1,4.95,2,Regular Customer
16079,1352.0,864,3,2.9714285714285715,1,Low Value Customer
16080,217.16,128,2,1.7919999999999998,1,Low Value Customer
16081,2806.9,1477,5,2.7976211453744493,3,High Value Customer
16083,1317.62,908,2,1.5748387096774195,1,Low Value Customer
16084,436.18,216,1,2.6457894736842107,1,Low Value Customer
16085,981.51,636,5,2.387125748502994,1,Low Value Customer
16086,1121.39,511,5,3.22025641025641,1,Low Value Customer
16091,315.06,154,2,2.841666666666667,1,Low Value Customer
16092,817.86,628,3,2.176862745098039,1,Low Value Customer
16093,17.0,20,1,0.85,1,Low Value Customer
16094,1078.23,647,4,3.607936507936508,1,Low Value Customer
16096,320.62,155,1,13.269166666666669,2,Regular Customer
16097,185.04999999999998,87,1,5.359999999999999,2,Regular Customer
16098,2005.63,613,7,4.424626865671642,3,High Value Customer
16099,731.9,434,3,1.8684615384615386,1,Low Value Customer
16101,1290.7,757,1,2.4839473684210525,1,Low Value Customer
16102,1842.14,942,3,2.5987719298245615,1,Low Value Customer
16103,1429.64,558,6,4.607291666666667,2,Regular Customer
16104,302.36,123,1,3.3613793103448275,1,Low Value Customer
16105,336.96,330,1,1.18,1,Low Value Customer
16106,108.38,74,1,1.5133333333333334,1,Low Value Customer
16107,3204.1600000000003,1176,7,4.36483870967742,3,High Value Customer
16108,842.5,615,1,1.9610416666666666,1,Low Value Customer
16109,611.88,612,2,1.5788888888888888,1,Low Value Customer
16110,1337.48,733,3,2.2664406779661017,1,Low Value Customer
16112,195.73999999999998,574,4,0.5575,1,Low Value Customer
16113,161.38,176,1,2.6510000000000002,1,Low Value Customer
16114,135.75000000000003,43,1,3.34375,1,Low Value Customer
16115,1667.97,1001,8,2.356901408450704,3,High Value Customer
16116,612.78,248,1,4.36735294117647,2,Regular Customer
16117,232.21,130,1,2.449,1,Low Value Customer
16119,423.36,240,2,2.131875,1,Low Value Customer
16120,1309.14,878,4,1.807,1,Low Value Customer
16121,867.11,586,2,1.965188679245283,1,Low Value Customer
16122,684.4200000000001,1128,4,1.583157894736842,1,Low Value Customer
16123,307.78,170,1,3.1075,1,Low Value Customer
16124,249.0,48,1,8.549999999999999,2,Regular Customer
16125,289.35,124,1,3.209230769230769,1,Low Value Customer
16126,6287.77,2125,4,3.6533333333333333,3,High Value Customer
16127,656.25,323,1,3.10625,1,Low Value Customer
16128,1880.22,988,5,2.425056179775281,1,Low Value Customer
16131,3506.54,1802,6,3.2437179487179484,3,High Value Customer
16134,618.09,371,2,2.047428571428571,1,Low Value Customer
16135,517.55,209,1,3.4428571428571426,1,Low Value Customer
16136,709.38,440,3,2.655675675675676,1,Low Value Customer
16139,635.41,330,3,2.7732258064516127,1,Low Value Customer
16140,725.18,730,2,1.7917142857142858,1,Low Value Customer
16141,620.4,238,1,4.6883333333333335,2,Regular Customer
16142,535.34,422,1,2.8767567567567567,1,Low Value Customer
16143,2424.94,919,6,4.138119658119658,3,High Value Customer
16144,175.2,16,1,10.95,2,Regular Customer
16145,3799.4900000000002,3123,11,2.2435267857142858,3,High Value Customer
16146,734.13,427,3,2.0944827586206896,1,Low Value Customer
16147,375.0,246,1,3.9104545454545456,1,Low Value Customer
16148,76.32000000000001,72,1,1.06,1,Low Value Customer
16149,280.52,308,2,1.2538888888888888,1,Low Value Customer
16150,2053.02,1047,5,3.028974358974359,3,High Value Customer
16152,1829.04,642,1,5.976206896551724,2,Regular Customer
16153,1824.23,1073,5,2.9908988764044944,3,High Value Customer
16156,3122.04,1308,9,3.077,3,High Value Customer
16157,656.69,347,3,3.445555555555556,1,Low Value Customer
16159,348.2,236,1,1.8714285714285714,1,Low Value Customer
16160,1025.44,1162,2,1.741,1,Low Value Customer
16161,5575.56,2599,19,3.1820464135021096,0,Premium Customer
16162,37.4,4,1,9.35,2,Regular Customer
16163,856.6,192,2,4.791666666666667,2,Regular Customer
16164,822.48,433,3,2.433529411764706,1,Low Value Customer
16168,3787.6,1892,27,3.3155102040816327,0,Premium Customer
16169,1822.97,1325,4,2.0698823529411765,1,Low Value Customer
16170,1885.05,1770,6,2.08032,3,High Value Customer
16171,73.2,24,1,3.4166666666666665,1,Low Value Customer
16172,1140.21,787,5,1.9330434782608694,1,Low Value Customer
16173,1418.32,575,6,4.0340476190476195,1,Low Value Customer
16174,1009.5500000000001,651,3,3.7252173913043474,1,Low Value Customer
16175,1037.59,533,4,3.5925862068965517,1,Low Value Customer
16177,331.95,95,1,5.41,2,Regular Customer
16178,197.9,94,1,3.19375,1,Low Value Customer
16179,215.83,99,1,3.732727272727273,1,Low Value Customer
16180,10254.18,5867,8,2.43179012345679,0,Premium Customer
16181,305.54,152,1,2.411818181818182,1,Low Value Customer
16182,6617.65,3791,4,2.12,3,High Value Customer
16183,338.71000000000004,113,1,3.5153333333333334,1,Low Value Customer
16184,1158.79,561,6,4.008,1,Low Value Customer
16185,529.41,260,2,3.302258064516129,1,Low Value Customer
16186,4006.94,3020,12,1.8390366972477066,3,High Value Customer
16187,6911.4400000000005,5048,15,2.1664745762711863,0,Premium Customer
16188,981.86,782,4,2.2217910447761198,1,Low Value Customer
16189,215.48,134,2,3.9436363636363634,1,Low Value Customer
16190,215.08,88,1,7.1866666666666665,2,Regular Customer
16191,5180.52,3351,13,2.2528358208955224,0,Premium Customer
16193,314.45,219,1,2.3473684210526318,1,Low Value Customer
16198,400.68100000000004,129,1,4.1794,1,Low Value Customer
16200,1080.6200000000001,523,2,2.595251396648045,1,Low Value Customer
16201,1863.47,1286,4,2.0225225225225225,1,Low Value Customer
16202,365.27,191,1,3.4850000000000003,1,Low Value Customer
16203,592.9,262,4,2.875714285714286,1,Low Value Customer
16204,405.71,231,1,2.056140350877193,1,Low Value Customer
16205,761.38,517,4,2.2246938775510205,1,Low Value Customer
16206,537.0600000000001,272,4,2.346031746031746,1,Low Value Customer
16207,394.38,140,1,4.256842105263158,1,Low Value Customer
16208,664.26,333,2,3.159242424242424,1,Low Value Customer
16209,2262.62,1179,5,2.483913043478261,3,High Value Customer
16211,547.02,154,1,3.8082608695652174,1,Low Value Customer
16212,690.34,244,2,4.468048780487805,2,Regular Customer
16213,159.0,48,1,3.8166666666666664,1,Low Value Customer
16214,1062.75,420,3,4.525454545454545,2,Regular Customer
16215,242.35,104,1,4.285714285714286,1,Low Value Customer
16216,914.9300000000001,254,1,8.991621621621622,2,Regular Customer
16217,304.25,91,2,4.21,1,Low Value Customer
16218,3084.68,2088,7,1.6713095238095237,3,High Value Customer
16221,864.86,717,3,2.2505154639175258,1,Low Value Customer
16222,846.72,365,1,3.224963503649635,1,Low Value Customer
16224,1295.3,1116,4,2.4532291666666666,1,Low Value Customer
16225,1096.32,493,5,2.393358208955224,1,Low Value Customer
16226,255.12,192,3,1.7675,1,Low Value Customer
16227,314.22,90,1,3.313333333333334,1,Low Value Customer
16229,1010.6,318,2,3.3648936170212767,1,Low Value Customer
16230,542.03,365,2,1.9505714285714284,1,Low Value Customer
16232,990.88,550,4,2.445945945945946,1,Low Value Customer
16233,536.6800000000001,174,3,3.6286363636363634,1,Low Value Customer
16235,867.31,330,5,4.824565217391305,2,Regular Customer
16236,432.2,184,1,2.8775000000000004,1,Low Value Customer
16239,414.2,228,2,2.331578947368421,1,Low Value Customer
16240,3718.8,1641,2,4.088148148148148,3,High Value Customer
16241,2607.87,1453,13,2.22,3,High Value Customer
16242,3603.21,1982,7,2.41608843537415,3,High Value Customer
16243,409.1,110,2,5.841372549019608,2,Regular Customer
16244,1522.75,855,2,2.567252747252747,1,Low Value Customer
16245,1413.66,1014,3,2.924444444444444,1,Low Value Customer
16247,114.56,182,1,2.7112499999999997,1,Low Value Customer
16248,152.94,78,1,2.0314285714285716,1,Low Value Customer
16249,1800.07,950,5,3.4831884057971014,3,High Value Customer
16250,389.44,208,2,3.0883333333333334,1,Low Value Customer
16253,3683.86,3233,2,1.7190243902439024,3,High Value Customer
16255,2619.91,1767,8,2.851,3,High Value Customer
16256,752.4300000000001,581,1,2.3407692307692307,1,Low Value Customer
16258,5203.51,2994,5,3.034148148148148,3,High Value Customer
16260,1035.45,311,1,5.366666666666666,2,Regular Customer
16261,746.83,306,4,3.3495161290322577,1,Low Value Customer
16265,5447.0,2646,9,3.743875968992248,3,High Value Customer
16266,861.89,398,7,3.9349180327868853,1,Low Value Customer
16268,667.65,533,2,4.259111111111111,1,Low Value Customer
16270,1141.24,688,1,3.222777777777778,1,Low Value Customer
16271,1429.24,1038,5,1.6585714285714286,1,Low Value Customer
16272,411.7,224,1,1.7372,1,Low Value Customer
16274,357.95,155,1,4.277611940298508,1,Low Value Customer
16275,559.87,336,1,4.386969696969698,2,Regular Customer
16276,810.6000000000001,420,1,1.9916666666666665,1,Low Value Customer
16278,566.38,114,1,9.835217391304349,2,Regular Customer
16279,1509.58,1054,3,2.1885981308411218,1,Low Value Customer
16281,2062.06,934,1,2.373529411764706,1,Low Value Customer
16282,168.3,114,1,2.731818181818182,1,Low Value Customer
16283,1570.81,1236,5,2.4171686746987953,3,High Value Customer
16284,823.97,544,2,2.118440366972477,1,Low Value Customer
16287,142.5,298,1,2.2375000000000003,1,Low Value Customer
16292,302.25,191,1,2.360588235294118,1,Low Value Customer
16293,2248.9900000000002,982,10,4.160847457627119,3,High Value Customer
16295,1328.55,841,4,3.7668354430379747,1,Low Value Customer
16297,301.9,206,1,2.7915,1,Low Value Customer
16298,598.2,198,3,4.071111111111112,1,Low Value Customer
16302,233.22,158,1,1.7618181818181817,1,Low Value Customer
16303,5360.63,2659,3,2.858703703703704,3,High Value Customer
16305,361.21999999999997,256,1,1.6831818181818183,1,Low Value Customer
16306,632.27,487,6,1.6270731707317072,1,Low Value Customer
16308,2560.0,8000,4,0.32,0,Premium Customer
16309,706.57,467,2,2.4180952380952383,1,Low Value Customer
16311,616.26,394,2,2.4735135135135136,1,Low Value Customer
16313,274.15000000000003,165,2,3.098125,1,Low Value Customer
16315,226.37,75,1,5.351428571428571,2,Regular Customer
16316,2938.91,1484,8,5.010463576158941,3,High Value Customer
16317,1341.65,890,3,2.979420289855072,1,Low Value Customer
16318,328.15,199,1,2.473684210526316,1,Low Value Customer
16319,404.40000000000003,72,1,5.616666666666667,2,Regular Customer
16320,1038.46,732,2,2.4805357142857143,1,Low Value Customer
16321,373.65000000000003,135,5,3.6750000000000003,1,Low Value Customer
16322,326.75,231,2,2.437837837837838,1,Low Value Customer
16323,207.50000000000003,50,1,4.15,1,Low Value Customer
16324,428.68,282,3,2.1305932203389832,1,Low Value Customer
16325,594.24,194,3,3.690555555555556,1,Low Value Customer
16326,3110.96,709,14,4.954984326018809,3,High Value Customer
16327,3844.22,2571,6,2.090062695924765,3,High Value Customer
16330,251.91,147,3,2.6733333333333333,1,Low Value Customer
16332,1593.2,801,7,2.786797385620915,3,High Value Customer
16337,151.05,87,1,3.04,1,Low Value Customer
16338,214.79999999999998,94,1,3.7345454545454544,1,Low Value Customer
16339,109.95,23,1,5.2575,2,Regular Customer
16340,549.07,501,1,1.5188888888888887,1,Low Value Customer
16341,1971.87,1398,4,1.8232467532467531,3,High Value Customer
16342,322.41,157,4,5.6033333333333335,2,Regular Customer
16343,370.47999999999996,195,2,2.735106382978723,1,Low Value Customer
16344,101.10000000000001,18,1,5.7,2,Regular Customer
16345,575.41,289,1,4.295526315789473,1,Low Value Customer
16347,887.65,353,2,3.762282608695652,1,Low Value Customer
16348,1469.45,819,7,2.867106382978723,3,High Value Customer
16349,53.5,9,1,5.944444444444445,2,Regular Customer
16350,1116.47,545,4,3.4387719298245614,1,Low Value Customer
16351,153.9,90,1,1.9875,1,Low Value Customer
16352,494.44,300,2,1.9617857142857142,1,Low Value Customer
16353,6675.71,2006,23,3.010851063829787,0,Premium Customer
16354,395.8,150,2,3.1382051282051284,1,Low Value Customer
16356,211.77,93,3,2.201290322580645,1,Low Value Customer
16357,658.88,246,3,4.5797058823529415,2,Regular Customer
16358,2027.5,1302,4,1.8883486238532112,1,Low Value Customer
16359,1750.92,1183,9,8.14318181818182,2,Regular Customer
16360,3512.53,2144,6,2.278761329305136,3,High Value Customer
16361,896.66,421,4,3.087735849056604,1,Low Value Customer
16362,734.77,351,5,2.8769135802469137,1,Low Value Customer
16363,109.36000000000001,52,1,2.9560000000000004,1,Low Value Customer
16364,707.04,280,2,3.453584905660377,1,Low Value Customer
16365,1540.42,504,9,5.143137254901961,2,Regular Customer
16366,327.3,256,1,2.828888888888889,1,Low Value Customer
16367,804.49,647,2,2.3376153846153844,1,Low Value Customer
16368,497.43,260,2,2.4098684210526318,1,Low Value Customer
16369,1553.66,1035,3,2.3270338983050847,1,Low Value Customer
16370,1320.56,647,4,2.8847368421052635,1,Low Value Customer
16372,367.93,166,2,2.657731958762887,1,Low Value Customer
16374,473.03000000000003,240,2,2.5635135135135134,1,Low Value Customer
16376,987.01,694,2,2.5507199999999997,1,Low Value Customer
16377,676.2,1500,1,0.534,1,Low Value Customer
16378,362.95,267,3,1.8021739130434784,1,Low Value Customer
16379,2157.4,1410,4,1.9833333333333334,3,High Value Customer
16380,1780.59,1524,1,1.8,1,Low Value Customer
16383,668.36,475,2,2.2834313725490194,1,Low Value Customer
16384,584.5,260,2,3.503030303030303,1,Low Value Customer
16385,555.89,261,3,2.5457627118644073,1,Low Value Customer
16386,317.2,224,2,1.658977272727273,1,Low Value Customer
16387,94.36,44,1,3.16,1,Low Value Customer
16389,1382.07,1242,4,2.7785294117647057,1,Low Value Customer
16392,221.19,203,1,1.9917777777777776,1,Low Value Customer
16393,3046.21,1576,13,1.9769696969696968,3,High Value Customer
16394,1555.34,2604,5,1.231566265060241,3,High Value Customer
16395,1486.9,1476,5,1.9833809523809522,3,High Value Customer
16398,1705.8,758,2,5.544634146341464,2,Regular Customer
16399,408.57,264,2,2.766164383561644,1,Low Value Customer
16400,303.93,172,1,3.0141379310344827,1,Low Value Customer
16401,4098.32,3882,12,1.4426344086021505,3,High Value Customer
16402,299.6,149,2,2.6683333333333334,1,Low Value Customer
16403,177.5,114,1,1.6099999999999999,1,Low Value Customer
16404,443.05,157,1,5.165217391304347,2,Regular Customer
16405,167.25,187,2,2.33,1,Low Value Customer
16406,163.07,122,1,1.7908064516129032,1,Low Value Customer
16407,2126.93,1124,10,2.9607558139534884,3,High Value Customer
16409,2028.88,1306,5,2.707844827586207,3,High Value Customer
16411,214.65,132,2,2.0353333333333334,1,Low Value Customer
16412,151.83,73,1,2.072857142857143,1,Low Value Customer
16413,262.2,148,1,2.5261290322580647,1,Low Value Customer
16414,126.25,27,2,7.064285714285714,2,Regular Customer
16415,210.35,187,1,1.8175925925925926,1,Low Value Customer
16416,1051.4,672,3,3.0419718309859154,1,Low Value Customer
16418,675.27,288,3,3.7622549019607843,1,Low Value Customer
16419,972.23,436,6,4.315882352941176,2,Regular Customer
16423,346.12,230,1,1.9155555555555557,1,Low Value Customer
16424,133.56,88,1,3.9979999999999998,1,Low Value Customer
16425,302.7,199,1,4.171904761904762,1,Low Value Customer
16426,1908.25,1243,10,2.086666666666667,3,High Value Customer
16427,241.06,156,2,1.488888888888889,1,Low Value Customer
16430,300.85,103,1,4.358333333333333,2,Regular Customer
16431,642.81,453,3,1.8336144578313254,1,Low Value Customer
16432,287.4,276,1,3.1675,1,Low Value Customer
16433,184.26,106,1,1.906470588235294,1,Low Value Customer
16434,1522.25,767,7,3.2576146788990825,3,High Value Customer
16438,798.35,463,5,2.194015151515152,1,Low Value Customer
16440,3640.67,2018,5,2.2190425531914895,3,High Value Customer
16441,381.2,173,2,3.2916666666666665,1,Low Value Customer
16442,616.79,446,3,2.237528735632184,1,Low Value Customer
16444,654.67,407,4,2.3755952380952383,1,Low Value Customer
16445,230.51,111,1,2.6320634920634918,1,Low Value Customer
16447,259.01,223,1,2.9544444444444444,1,Low Value Customer
16448,188.89000000000001,78,1,2.9195,1,Low Value Customer
16449,707.69,367,2,3.2979999999999996,1,Low Value Customer
16450,311.92,200,1,1.4845454545454544,1,Low Value Customer
16451,266.97,120,1,2.6149999999999998,1,Low Value Customer
16454,6.9,3,2,1.975,1,Low Value Customer
16455,1841.18,988,7,2.1015151515151516,3,High Value Customer
16456,2158.37,1148,5,2.1282882882882883,3,High Value Customer
16457,208.36,140,1,2.67,1,Low Value Customer
16458,3482.7400000000002,2154,18,1.7633663366336634,3,High Value Customer
16460,814.72,879,3,1.6751851851851853,1,Low Value Customer
16461,151.42,49,1,4.073939393939394,1,Low Value Customer
16462,136.0,16,3,8.5,2,Regular Customer
16463,1422.4,1163,4,1.993170731707317,1,Low Value Customer
16464,1314.68,963,3,2.5087711864406783,1,Low Value Customer
16466,1603.46,789,7,2.8899324324324325,3,High Value Customer
16468,74.9,31,1,7.29,2,Regular Customer
16469,650.43,273,4,2.9048351648351654,1,Low Value Customer
16470,762.39,531,4,1.9055882352941176,1,Low Value Customer
16471,223.95000000000002,141,1,2.2961538461538464,1,Low Value Customer
16473,316.11,196,3,2.6505555555555556,1,Low Value Customer
16474,1871.5,943,7,2.199777777777778,3,High Value Customer
16475,544.3,319,4,5.110714285714286,2,Regular Customer
16477,2494.46,1415,7,2.32513698630137,3,High Value Customer
16478,331.0,224,3,2.942941176470588,1,Low Value Customer
16479,300.83,102,2,3.177142857142857,1,Low Value Customer
16480,769.29,455,1,3.3305660377358492,1,Low Value Customer
16482,220.62,346,1,1.3616666666666668,1,Low Value Customer
16483,139.35,44,1,4.410526315789474,2,Regular Customer
16484,404.3,200,2,3.2872000000000003,1,Low Value Customer
16485,363.65,235,1,3.0811904761904763,1,Low Value Customer
16488,498.8,728,3,4.441034482758622,2,Regular Customer
16491,731.5,478,1,2.54974358974359,1,Low Value Customer
16493,1351.63,1164,4,1.8078571428571428,1,Low Value Customer
16494,826.53,675,1,1.4991999999999999,1,Low Value Customer
16495,684.41,337,3,3.218144329896907,1,Low Value Customer
16496,1599.52,1111,3,2.8450526315789477,1,Low Value Customer
16497,2965.69,1396,6,3.6586029411764707,3,High Value Customer
16498,100.97,45,2,2.3680000000000003,1,Low Value Customer
16499,365.45,127,2,4.302631578947368,2,Regular Customer
16503,1431.93,569,4,4.173571428571428,1,Low Value Customer
16504,484.38,524,1,1.2338372093023255,1,Low Value Customer
16505,777.6,576,1,1.35,1,Low Value Customer
16506,90.30000000000001,42,2,2.183333333333333,1,Low Value Customer
16509,363.7,64,1,7.623076923076923,2,Regular Customer
16510,248.1,92,1,5.346153846153846,2,Regular Customer
16511,950.26,417,3,3.032721893491124,1,Low Value Customer
16513,874.59,407,4,2.5905714285714287,1,Low Value Customer
16515,1627.13,833,5,2.5943362831858408,1,Low Value Customer
16516,101.69999999999999,58,1,2.1166666666666667,1,Low Value Customer
16517,162.7,96,1,2.8852941176470592,1,Low Value Customer
16518,484.32,327,2,2.3545000000000003,1,Low Value Customer
16519,215.07999999999998,54,2,6.617692307692308,2,Regular Customer
16520,1046.57,558,3,2.7175641025641024,1,Low Value Customer
16523,9418.470000000001,4265,21,3.613206896551724,0,Premium Customer
16525,13027.45,7397,26,3.657595628415301,0,Premium Customer
16526,290.36,106,1,5.615333333333334,2,Regular Customer
16527,228.06,106,1,2.922857142857143,1,Low Value Customer
16528,244.41,171,1,3.2235294117647055,1,Low Value Customer
16529,455.25,198,1,3.12,1,Low Value Customer
16531,1244.59,915,7,2.795194805194805,3,High Value Customer
16532,6748.8,2016,3,3.4825,3,High Value Customer
16533,1095.56,612,3,2.650677966101695,1,Low Value Customer
16535,593.75,356,1,3.0245161290322584,1,Low Value Customer
16536,548.97,251,1,3.6401818181818184,1,Low Value Customer
16539,1388.81,477,4,3.893333333333333,1,Low Value Customer
16542,119.62,46,1,3.0780000000000003,1,Low Value Customer
16545,339.3,78,1,3.766666666666667,1,Low Value Customer
16546,787.15,549,2,1.8880000000000001,1,Low Value Customer
16549,4154.64,2365,10,2.03638124362895,3,High Value Customer
16550,2298.97,1540,5,2.5740637450199206,3,High Value Customer
16551,922.12,970,3,1.95125,1,Low Value Customer
16552,379.73,219,2,4.11,1,Low Value Customer
16553,5719.82,4600,12,2.1411904761904763,0,Premium Customer
16554,837.1,402,3,3.4196153846153843,1,Low Value Customer
16555,285.89,175,2,2.827058823529412,1,Low Value Customer
16556,3313.79,1890,7,3.882898550724638,3,High Value Customer
16557,281.85,111,2,6.818181818181818,2,Regular Customer
16558,8338.49,5377,20,3.041195652173913,0,Premium Customer
16560,841.41,500,2,3.930535714285714,1,Low Value Customer
16561,511.12,244,2,2.8583870967741936,1,Low Value Customer
16563,1077.74,486,1,3.415263157894737,1,Low Value Customer
16565,173.7,46,1,5.116666666666667,2,Regular Customer
16566,614.66,362,5,2.6955555555555555,1,Low Value Customer
16567,865.6,996,2,2.1654285714285715,1,Low Value Customer
16569,124.2,93,1,2.592,1,Low Value Customer
16570,3738.4,2112,10,3.17515873015873,3,High Value Customer
16571,1421.69,1239,3,2.0289655172413794,1,Low Value Customer
16572,1009.6,532,3,3.7794736842105263,1,Low Value Customer
16573,663.61,360,2,3.7616666666666667,1,Low Value Customer
16574,451.44,416,1,1.4257142857142857,1,Low Value Customer
16581,105.84,134,1,1.1855555555555555,1,Low Value Customer
16582,313.62,164,1,1.6216666666666668,1,Low Value Customer
16583,233.45,111,1,2.564285714285714,1,Low Value Customer
16584,936.08,646,2,2.709285714285714,1,Low Value Customer
16586,463.95,95,1,4.68125,2,Regular Customer
16587,225.15,71,1,6.707692307692308,2,Regular Customer
16589,459.24,368,3,1.8603030303030303,1,Low Value Customer
16591,213.5,41,1,4.443,2,Regular Customer
16592,4113.68,2927,16,2.1810185185185187,3,High Value Customer
16593,330.03,116,3,4.8348148148148145,2,Regular Customer
16594,181.09,64,1,3.0179245283018865,1,Low Value Customer
16595,360.16,335,1,1.7484705882352942,1,Low Value Customer
16596,250.15,97,2,4.104166666666667,1,Low Value Customer
16597,90.04,184,1,1.6214285714285714,1,Low Value Customer
16598,145.04999999999998,73,1,2.56,1,Low Value Customer
16600,813.52,1145,6,1.4333870967741935,1,Low Value Customer
16601,244.79999999999998,134,1,3.0725806451612905,1,Low Value Customer
16602,528.08,336,1,2.5113793103448274,1,Low Value Customer
16603,482.47,480,2,2.1564705882352944,1,Low Value Customer
16607,3347.71,2859,14,4.347848837209303,3,High Value Customer
16609,5493.46,2420,7,3.5644202898550725,3,High Value Customer
16610,75.66,66,1,1.2966666666666666,1,Low Value Customer
16611,129.49,47,1,3.7870000000000004,1,Low Value Customer
16612,1187.66,506,4,3.23469696969697,1,Low Value Customer
16613,618.59,293,1,2.897,1,Low Value Customer
16614,506.19,223,1,4.756538461538462,2,Regular Customer
16616,500.42,370,2,2.83969696969697,1,Low Value Customer
16617,151.85,91,1,3.91,1,Low Value Customer
16618,2647.59,1363,5,3.626041666666667,3,High Value Customer
16619,226.21,133,1,2.6757142857142857,1,Low Value Customer
16620,178.96,88,2,2.9177777777777774,1,Low Value Customer
16621,813.48,302,4,4.59103448275862,2,Regular Customer
16623,129.45,39,1,3.1900000000000004,1,Low Value Customer
16624,810.5699999999999,488,2,3.07375,1,Low Value Customer
16625,333.08,164,1,2.737391304347826,1,Low Value Customer
16626,4413.1,2690,17,4.136648044692738,3,High Value Customer
16627,322.8,162,1,5.0675,2,Regular Customer
16628,2188.05,1205,5,2.440512820512821,3,High Value Customer
16629,417.73,493,2,2.45296875,1,Low Value Customer
16633,2883.1,1138,6,4.659407894736842,3,High Value Customer
16634,217.9,82,2,4.5055555555555555,2,Regular Customer
16637,1154.47,927,4,2.7930434782608695,1,Low Value Customer
16638,1680.72,1255,10,3.7991489361702127,3,High Value Customer
16639,1257.51,510,3,3.3548,1,Low Value Customer
16641,231.10000000000002,256,1,2.138333333333333,1,Low Value Customer
16642,688.33,479,2,3.3020588235294115,1,Low Value Customer
16643,487.51,269,1,3.635925925925926,1,Low Value Customer
16644,833.78,826,2,1.5379032258064516,1,Low Value Customer
16647,214.06,146,2,3.2507142857142854,1,Low Value Customer
16648,290.65999999999997,281,1,1.2542105263157894,1,Low Value Customer
16650,518.42,372,1,2.2529166666666667,1,Low Value Customer
16652,6773.97,3283,7,3.9659322033898308,3,High Value Customer
16653,1212.66,733,2,3.3256521739130434,1,Low Value Customer
16654,601.27,282,4,4.256206896551724,1,Low Value Customer
16655,3794.52,2367,6,2.5755172413793104,3,High Value Customer
16656,8625.8,8894,15,2.2016438356164385,0,Premium Customer
16657,933.62,1229,4,1.5751923076923076,1,Low Value Customer
16658,123.24,40,1,3.02125,1,Low Value Customer
16659,39.12,72,1,0.62,1,Low Value Customer
16660,1267.6499999999999,571,4,2.499375,1,Low Value Customer
16665,135.39999999999998,59,1,5.388888888888889,2,Regular Customer
16666,118.98,233,1,0.7559375,1,Low Value Customer
16667,570.13,237,2,3.581509433962264,1,Low Value Customer
16668,306.71999999999997,318,6,1.283,1,Low Value Customer
16669,1374.8700000000001,888,3,2.7496875,1,Low Value Customer
16670,4095.9,2556,11,2.9523809523809526,3,High Value Customer
16671,1692.27,875,3,2.8033333333333332,1,Low Value Customer
16672,8134.9400000000005,2832,20,3.634912280701754,0,Premium Customer
16674,319.61,188,2,2.0144897959183674,1,Low Value Customer
16676,1592.1200000000001,636,4,4.986741573033708,2,Regular Customer
16678,3109.99,2397,12,1.8485276073619632,3,High Value Customer
16679,129.75,29,1,6.916666666666667,2,Regular Customer
16680,183.7,94,1,3.03,1,Low Value Customer
16681,1770.34,1407,6,1.9406818181818182,3,High Value Customer
16682,1028.0,1040,5,1.7696666666666665,1,Low Value Customer
16685,324.24,396,2,2.2548387096774194,1,Low Value Customer
16686,3062.83,2030,7,2.7322051282051283,3,High Value Customer
16688,1260.86,804,4,2.7750000000000004,1,Low Value Customer
16689,422.59999999999997,330,2,3.5399999999999996,1,Low Value Customer
16690,225.57999999999998,138,2,3.486666666666667,1,Low Value Customer
16693,482.01,204,2,4.349833333333334,2,Regular Customer
16696,657.9000000000001,146,4,3.9300000000000006,1,Low Value Customer
16697,112.75,27,1,4.640476190476191,2,Regular Customer
16698,1998.0,840,2,2.37,1,Low Value Customer
16700,5076.55,4024,13,2.037077922077922,0,Premium Customer
16701,5398.3,6393,13,2.1824999999999997,0,Premium Customer
16705,14034.99,5476,20,4.505185185185185,0,Premium Customer
16706,531.35,249,3,2.8052032520325203,1,Low Value Customer
16708,656.63,285,1,3.3644444444444446,1,Low Value Customer
16709,3029.87,851,5,5.439240506329114,2,Regular Customer
16710,2483.04,1836,10,2.356865671641791,3,High Value Customer
16711,1651.03,833,5,3.4931818181818177,1,Low Value Customer
16712,3645.43,1749,11,2.9700671140939594,3,High Value Customer
16713,6923.13,4276,15,3.077740384615385,0,Premium Customer
16714,1161.53,610,3,3.536989247311828,1,Low Value Customer
16715,301.71999999999997,642,1,0.4531578947368421,1,Low Value Customer
16716,901.2,120,2,7.300000000000001,2,Regular Customer
16717,3858.38,1866,6,3.5104020100502513,3,High Value Customer
16718,623.75,413,1,2.336888888888889,1,Low Value Customer
16719,1790.42,1204,7,3.86592039800995,3,High Value Customer
16720,155.24,182,1,2.2966666666666664,1,Low Value Customer
16721,292.47,172,1,2.363243243243243,1,Low Value Customer
16722,4730.81,5001,13,1.2201777777777778,0,Premium Customer
16723,589.15,399,2,6.873953488372094,2,Regular Customer
16725,781.02,294,7,3.6432450331125827,1,Low Value Customer
16726,1382.02,977,5,2.1744324324324324,1,Low Value Customer
16727,272.82,177,1,1.663695652173913,1,Low Value Customer
16728,1054.67,677,4,2.304646840148699,1,Low Value Customer
16729,7239.92,5783,21,2.134439393939394,0,Premium Customer
16730,743.11,994,3,1.4010975609756098,1,Low Value Customer
16732,603.75,317,1,3.3810714285714285,1,Low Value Customer
16734,650.51,346,3,3.5356603773584903,1,Low Value Customer
16735,2300.56,1573,5,2.52744,3,High Value Customer
16737,417.59999999999997,288,1,1.45,1,Low Value Customer
16738,3.75,3,1,1.25,1,Low Value Customer
16739,323.0,172,1,2.9038461538461537,1,Low Value Customer
16743,2238.09,2047,7,1.4706282722513089,3,High Value Customer
16744,1304.76,805,7,2.498595041322314,3,High Value Customer
16745,7194.3,6735,17,1.922408963585434,0,Premium Customer
16746,6697.66,4665,18,2.782026726057907,0,Premium Customer
16747,836.06,583,2,2.828095238095238,1,Low Value Customer
16748,1515.9,880,5,1.7210144927536233,1,Low Value Customer
16750,623.93,214,5,3.8141052631578947,1,Low Value Customer
16751,1764.72,1031,1,1.4,1,Low Value Customer
16752,207.5,54,1,13.594444444444443,2,Regular Customer
16753,223.92000000000002,189,1,2.1223529411764703,1,Low Value Customer
16754,2002.4,4280,1,0.62,3,High Value Customer
16755,1496.83,1064,3,2.7503529411764704,1,Low Value Customer
16756,239.4,106,1,3.6584615384615384,1,Low Value Customer
16757,106.83000000000001,81,1,1.3628571428571428,1,Low Value Customer
16758,369.34000000000003,203,1,4.041363636363636,1,Low Value Customer
16759,789.79,609,3,2.9404761904761907,1,Low Value Customer
16761,316.62,341,1,1.196923076923077,1,Low Value Customer
16762,1501.38,618,3,3.2635955056179773,1,Low Value Customer
16763,611.85,319,1,4.6673913043478255,2,Regular Customer
16764,2799.25,1259,13,2.3620679886685556,3,High Value Customer
16765,34.0,4,1,8.5,2,Regular Customer
16766,1145.6,536,2,2.835294117647059,1,Low Value Customer
16767,5580.6,4435,11,1.6122972972972973,0,Premium Customer
16768,478.09000000000003,196,3,4.027962962962963,1,Low Value Customer
16769,380.39,83,1,4.69375,2,Regular Customer
16770,770.1,464,5,2.2877241379310345,1,Low Value Customer
16771,2246.81,1489,5,2.856039215686274,3,High Value Customer
16773,171.59,171,1,2.77,1,Low Value Customer
16774,661.52,322,4,2.4722916666666666,1,Low Value Customer
16775,1695.66,440,11,4.644873417721519,3,High Value Customer
16776,388.28,262,1,1.9368421052631577,1,Low Value Customer
16777,226.35,64,2,3.6038,1,Low Value Customer
16778,245.94,194,2,2.365,1,Low Value Customer
16779,10629.720000000001,5325,22,2.3734234234234233,0,Premium Customer
16780,425.19,271,2,2.5930000000000004,1,Low Value Customer
16781,311.25,113,1,5.008823529411765,2,Regular Customer
16782,2279.9,712,13,3.6426315789473684,3,High Value Customer
16784,107.6,24,1,4.483333333333333,2,Regular Customer
16788,597.48,311,2,2.313870967741935,1,Low Value Customer
16789,80.8,32,1,2.8899999999999997,1,Low Value Customer
16790,1545.6200000000001,898,6,2.3633333333333333,3,High Value Customer
16791,1721.78,763,7,2.92228125,3,High Value Customer
16792,110.38000000000001,44,2,4.001666666666666,1,Low Value Customer
16793,243.84,146,1,2.426875,1,Low Value Customer
16794,1222.71,937,10,1.771719298245614,3,High Value Customer
16795,414.88,239,1,2.2053030303030305,1,Low Value Customer
16796,305.62,186,1,1.7455555555555555,1,Low Value Customer
16800,1201.49,540,1,3.6933536585365854,1,Low Value Customer
16801,1619.73,499,4,5.979210526315789,2,Regular Customer
16803,332.3,245,1,2.1033333333333335,1,Low Value Customer
16804,536.99,246,3,3.2141666666666664,1,Low Value Customer
16805,460.59,539,2,1.7842857142857145,1,Low Value Customer
16806,801.49,378,4,2.8590291262135925,1,Low Value Customer
16807,1121.59,778,3,2.5701492537313433,1,Low Value Customer
16808,288.42,196,2,2.332173913043478,1,Low Value Customer
16809,914.69,652,5,1.5418120805369127,1,Low Value Customer
16810,309.54,114,1,3.5353333333333334,1,Low Value Customer
16811,547.07,477,2,2.3685714285714283,1,Low Value Customer
16812,479.35,81,1,5.533333333333333,2,Regular Customer
16813,1692.98,1525,10,1.750445434298441,3,High Value Customer
16814,6509.1,2769,21,3.2728703703703705,0,Premium Customer
16816,417.06,274,4,2.2528571428571427,1,Low Value Customer
16817,1604.75,822,9,3.5644186046511632,3,High Value Customer
16818,3349.57,2164,11,2.5258510638297875,3,High Value Customer
16820,497.61,307,1,3.7388461538461537,1,Low Value Customer
16823,358.38,136,1,3.273157894736842,1,Low Value Customer
16824,460.64,236,2,3.383076923076923,1,Low Value Customer
16825,775.1800000000001,566,2,3.3082142857142856,1,Low Value Customer
16826,341.7,158,1,3.985,1,Low Value Customer
16828,128.5,59,2,3.75,1,Low Value Customer
16829,197.22,99,1,3.019090909090909,1,Low Value Customer
16830,325.91,264,1,2.13,1,Low Value Customer
16832,199.15,33,3,8.083333333333334,2,Regular Customer
16833,1106.53,440,4,3.1982978723404254,1,Low Value Customer
16834,413.46,358,1,1.5062499999999999,1,Low Value Customer
16835,180.85,61,2,4.297,2,Regular Customer
16836,251.87,165,2,2.174545454545455,1,Low Value Customer
16837,3170.98,1563,11,4.203090909090909,3,High Value Customer
16838,588.85,185,2,11.256799999999998,2,Regular Customer
16841,1869.82,2250,6,1.2737931034482757,3,High Value Customer
16842,1264.19,693,3,3.161111111111111,1,Low Value Customer
16843,10196.57,10159,16,1.8746825396825397,0,Premium Customer
16846,214.32,135,1,2.661818181818182,1,Low Value Customer
16847,193.44,78,1,3.3074999999999997,1,Low Value Customer
16848,281.42,182,1,1.7100000000000002,1,Low Value Customer
16849,124.57,33,1,5.1049999999999995,2,Regular Customer
16850,332.41,249,1,2.1210526315789475,1,Low Value Customer
16851,342.45,271,3,1.9634999999999998,1,Low Value Customer
16852,144.91000000000003,56,2,8.315555555555555,2,Regular Customer
16855,328.4,164,2,3.7394736842105263,1,Low Value Customer
16856,35.400000000000006,12,1,2.95,1,Low Value Customer
16858,375.69000000000005,91,1,5.349,2,Regular Customer
16859,747.81,827,2,2.820576923076923,1,Low Value Customer
16861,173.76,140,2,1.8950000000000002,1,Low Value Customer
16863,502.8,409,2,1.68,1,Low Value Customer
16866,207.73999999999998,60,3,3.808181818181818,1,Low Value Customer
16869,825.42,585,4,2.29875,1,Low Value Customer
16871,2812.34,1253,6,3.4572992700729923,3,High Value Customer
16872,680.02,600,3,9.68142857142857,2,Regular Customer
16873,7123.62,3840,6,3.503727598566308,0,Premium Customer
16875,2095.53,1069,5,3.585267857142857,3,High Value Customer
16877,853.72,463,6,2.525786163522013,1,Low Value Customer
16878,13.3,12,1,1.5833333333333333,1,Low Value Customer
16880,1519.08,753,7,3.7406179775280903,3,High Value Customer
16881,432.0,600,1,0.72,1,Low Value Customer
16882,705.12,424,3,2.767179487179487,1,Low Value Customer
16883,276.73,104,2,3.683947368421053,1,Low Value Customer
16884,429.84000000000003,320,2,1.9965384615384614,1,Low Value Customer
16885,471.51,184,3,3.452673267326733,1,Low Value Customer
16887,194.88,157,1,1.9683783783783784,1,Low Value Customer
16889,1578.67,925,3,3.099037037037037,1,Low Value Customer
16891,809.7,283,5,3.1253201970443354,1,Low Value Customer
16892,525.54,239,5,3.2438383838383835,1,Low Value Customer
16893,145.93,62,1,2.5971111111111114,1,Low Value Customer
16895,219.14,102,1,2.430869565217391,1,Low Value Customer
16897,289.78,73,2,5.09972972972973,2,Regular Customer
16898,508.81,419,3,2.055740740740741,1,Low Value Customer
16899,1281.56,522,6,3.38856,1,Low Value Customer
16900,887.11,833,3,2.1250632911392406,1,Low Value Customer
16902,1706.88,629,1,3.8652272727272727,1,Low Value Customer
16903,373.24,262,1,2.3445000000000005,1,Low Value Customer
16904,3754.27,2034,16,2.7468450704225353,3,High Value Customer
16905,3102.43,1408,7,3.5751442307692307,3,High Value Customer
16906,579.77,281,4,3.269462365591398,1,Low Value Customer
16907,981.65,298,5,3.786622516556291,1,Low Value Customer
16909,379.14,436,1,3.238888888888889,1,Low Value Customer
16910,1510.06,886,8,2.173400365630713,3,High Value Customer
16912,2575.38,1029,11,4.062871287128713,3,High Value Customer
16913,113.44,82,1,2.07125,1,Low Value Customer
16914,208.46,121,1,2.649736842105263,1,Low Value Customer
16915,621.6800000000001,132,6,5.300175438596492,2,Regular Customer
16916,576.26,440,2,2.22041958041958,1,Low Value Customer
16917,391.52,232,1,3.873333333333333,1,Low Value Customer
16918,1068.82,721,6,2.080625,1,Low Value Customer
16919,2596.45,1413,11,2.794954128440367,3,High Value Customer
16921,169.79,171,1,1.5675,1,Low Value Customer
16923,7247.61,3417,19,3.108511904761905,0,Premium Customer
16924,846.75,493,3,2.6796385542168673,1,Low Value Customer
16926,230.25,35,1,6.978571428571429,2,Regular Customer
16927,543.05,993,3,2.9066666666666667,1,Low Value Customer
16928,2847.6,2114,17,1.8953588516746411,3,High Value Customer
16929,1295.39,929,7,2.0796103896103895,3,High Value Customer
16930,380.55,341,3,1.6248148148148147,1,Low Value Customer
16931,4604.22,3158,21,2.0643652561247214,0,Premium Customer
16932,161.94,87,1,2.1841509433962267,1,Low Value Customer
16933,563.23,288,2,2.8868181818181817,1,Low Value Customer
16934,950.9300000000001,399,2,4.025645161290322,1,Low Value Customer
16936,262.68,173,1,1.87,1,Low Value Customer
16938,2736.38,2540,4,2.8477593360995854,3,High Value Customer
16940,3049.88,2169,3,2.0787868852459015,3,High Value Customer
16942,1920.59,811,9,2.976725978647687,3,High Value Customer
16943,816.73,145,3,6.822424242424242,2,Regular Customer
16945,4345.5,2725,19,2.2293172690763052,0,Premium Customer
16947,406.48,312,1,2.610952380952381,1,Low Value Customer
16948,435.02,1614,3,1.1131578947368421,1,Low Value Customer
16949,1286.27,791,6,6.3966666666666665,2,Regular Customer
16950,1178.56,644,3,3.0883333333333334,1,Low Value Customer
16951,1277.75,1318,3,1.4517441860465115,1,Low Value Customer
16952,167.61,92,2,5.236875,2,Regular Customer
16953,20.8,10,1,2.08,1,Low Value Customer
16954,2085.08,1054,9,3.3449999999999998,3,High Value Customer
16955,518.67,266,4,4.1983999999999995,1,Low Value Customer
16956,308.74,114,1,4.229375,1,Low Value Customer
16957,416.64,172,2,3.329375,1,Low Value Customer
16959,117.35000000000001,49,1,3.007142857142857,1,Low Value Customer
16960,507.05,304,3,2.0174257425742574,1,Low Value Customer
16961,234.17,125,1,2.674285714285714,1,Low Value Customer
16963,110.55000000000001,35,1,3.342857142857143,1,Low Value Customer
16965,201.19,291,1,2.335769230769231,1,Low Value Customer
16966,2154.97,1981,7,1.2935714285714286,3,High Value Customer
16967,319.02,333,1,1.1404761904761904,1,Low Value Customer
16968,439.43,326,2,2.803548387096774,1,Low Value Customer
16969,650.41,816,3,2.382142857142857,1,Low Value Customer
16971,357.21,72,1,7.760731707317073,2,Regular Customer
16976,251.51999999999998,88,1,6.005,2,Regular Customer
16978,344.33,166,1,2.944871794871795,1,Low Value Customer
16979,1852.0,865,6,3.4710112359550562,3,High Value Customer
16980,1078.96,788,2,2.3197701149425285,1,Low Value Customer
16982,384.06,182,1,2.453181818181818,1,Low Value Customer
16983,1931.25,1379,7,2.3687837837837837,3,High Value Customer
16984,4481.35,2423,2,3.5025307125307124,3,High Value Customer
16985,5464.12,1832,10,4.208,3,High Value Customer
16986,1873.2,1040,2,1.9833333333333334,1,Low Value Customer
16987,1625.05,402,7,4.745038759689923,2,Regular Customer
16988,126.12,43,1,5.977142857142858,2,Regular Customer
16989,1133.25,1233,6,1.5,3,High Value Customer
16990,179.0,100,1,1.79,1,Low Value Customer
16992,1614.31,860,5,3.8163440860215054,1,Low Value Customer
16996,1456.96,544,6,2.984054054054054,1,Low Value Customer
16997,702.0,360,3,1.95,1,Low Value Customer
16998,295.0,76,4,3.85,1,Low Value Customer
16999,484.82,294,2,2.427391304347826,1,Low Value Customer
17001,3989.57,2164,11,3.05698224852071,3,High Value Customer
17002,1493.73,679,3,3.438775510204082,1,Low Value Customer
17004,1412.94,819,2,2.652727272727273,1,Low Value Customer
17006,781.78,272,4,3.7497727272727275,1,Low Value Customer
17007,889.9300000000001,597,6,3.3242307692307693,1,Low Value Customer
17010,195.36,118,1,2.5500000000000003,1,Low Value Customer
17011,270.9,186,1,1.79,1,Low Value Customer
17014,586.33,245,3,2.9335135135135135,1,Low Value Customer
17015,1842.56,1981,3,1.417142857142857,3,High Value Customer
17017,8694.26,6673,20,1.6860714285714284,0,Premium Customer
17018,920.1,176,2,6.223125,2,Regular Customer
17019,1272.61,827,4,2.1226495726495727,1,Low Value Customer
17022,71.0,108,1,0.9585714285714285,1,Low Value Customer
17024,95.85,69,3,1.3833333333333335,1,Low Value Customer
17025,357.77,235,3,2.006666666666667,1,Low Value Customer
17026,154.82999999999998,97,2,4.035,1,Low Value Customer
17027,890.29,421,6,2.642156862745098,1,Low Value Customer
17029,716.0,400,2,1.79,1,Low Value Customer
17030,146.87,146,1,2.661818181818182,1,Low Value Customer
17031,380.35,235,2,1.606818181818182,1,Low Value Customer
17033,1030.14,750,3,2.2567857142857144,1,Low Value Customer
17034,745.52,410,3,3.3606666666666665,1,Low Value Customer
17035,433.53000000000003,229,2,3.3057142857142856,1,Low Value Customer
17037,1267.32,656,1,2.7634666666666665,1,Low Value Customer
17038,112.4,28,1,4.440909090909091,2,Regular Customer
17040,449.73,181,1,3.3006666666666664,1,Low Value Customer
17041,1081.57,951,3,1.929142857142857,1,Low Value Customer
17042,1044.3799999999999,994,5,1.8227551020408164,1,Low Value Customer
17043,1735.18,998,4,3.143627450980392,1,Low Value Customer
17044,948.48,504,1,2.236666666666667,1,Low Value Customer
17045,339.44,106,3,4.968181818181819,2,Regular Customer
17046,642.02,510,1,2.169090909090909,1,Low Value Customer
17047,1100.9,533,3,3.536923076923077,1,Low Value Customer
17048,925.35,485,3,3.7065116279069765,1,Low Value Customer
17049,5659.9800000000005,2676,9,3.9271069182389935,3,High Value Customer
17050,3228.84,1614,6,2.778924050632911,3,High Value Customer
17051,247.14000000000001,184,1,1.8213953488372092,1,Low Value Customer
17052,413.75,261,1,1.8638043478260868,1,Low Value Customer
17053,498.48,122,1,4.499230769230769,2,Regular Customer
17054,1356.33,804,5,4.77144578313253,2,Regular Customer
17058,1179.89,592,3,3.765322580645161,1,Low Value Customer
17059,3095.04,1855,5,2.6577325581395352,3,High Value Customer
17060,234.24,216,1,1.7719999999999998,1,Low Value Customer
17061,5232.2300000000005,1526,11,5.0870707070707075,3,High Value Customer
17062,538.37,430,4,2.162,1,Low Value Customer
17063,1461.14,770,7,2.656025641025641,3,High Value Customer
17064,859.35,318,3,3.687741935483871,1,Low Value Customer
17068,4552.14,2164,21,2.5016554054054057,0,Premium Customer
17069,2709.7000000000003,1506,9,2.8552447552447555,3,High Value Customer
17070,312.14,133,1,2.5853125,1,Low Value Customer
17071,2429.03,1197,9,3.376714285714286,3,High Value Customer
17073,1446.09,759,4,3.1235632183908044,1,Low Value Customer
17075,834.12,292,4,3.8464935064935064,1,Low Value Customer
17076,841.0799999999999,295,3,5.8696,2,Regular Customer
17078,378.2,788,2,0.6025,1,Low Value Customer
17079,118.80000000000001,24,1,4.95,2,Regular Customer
17080,287.62,166,2,3.76375,1,Low Value Customer
17081,290.16,78,2,3.7953125,1,Low Value Customer
17082,2003.85,1049,2,4.224567901234568,1,Low Value Customer
17083,1405.78,772,3,2.0717307692307694,1,Low Value Customer
17084,2949.75,1816,2,2.892283950617284,3,High Value Customer
17085,1566.65,786,5,2.732192513368984,1,Low Value Customer
17086,2050.08,1859,6,2.1609374999999997,3,High Value Customer
17088,1991.01,868,4,3.8090434782608695,1,Low Value Customer
17090,2043.95,921,7,2.742063492063492,3,High Value Customer
17091,3827.76,1746,9,3.139846153846154,3,High Value Customer
17092,1777.78,1131,4,2.2588000000000004,1,Low Value Customer
17094,302.0,152,1,2.1464285714285714,1,Low Value Customer
17095,1324.16,618,3,3.755135135135135,1,Low Value Customer
17096,1022.13,339,4,4.555416666666667,2,Regular Customer
17097,954.42,459,8,2.5918009478672985,1,Low Value Customer
17100,971.74,800,2,1.9433846153846153,1,Low Value Customer
17101,1621.73,815,4,2.8811904761904765,1,Low Value Customer
17102,25.5,2,1,12.75,2,Regular Customer
17105,665.78,693,2,1.9445555555555554,1,Low Value Customer
17107,10815.43,4837,6,3.343612440191388,0,Premium Customer
17109,885.04,589,6,2.3304273504273505,1,Low Value Customer
17110,163.29999999999998,50,1,5.166666666666667,2,Regular Customer
17111,248.61,302,1,1.8419999999999999,1,Low Value Customer
17114,808.62,219,8,5.023464566929134,2,Regular Customer
17115,837.5,372,3,4.382307692307692,2,Regular Customer
17117,116.19999999999999,68,1,3.966666666666667,1,Low Value Customer
17118,157.02,154,1,1.3579999999999999,1,Low Value Customer
17119,606.91,334,2,3.578857142857143,1,Low Value Customer
17120,307.46,120,1,4.396111111111111,2,Regular Customer
17122,138.32,80,1,1.97,1,Low Value Customer
17123,345.29999999999995,246,1,1.7722222222222221,1,Low Value Customer
17124,298.89,130,1,3.435625,1,Low Value Customer
17125,259.35,291,1,3.4685,1,Low Value Customer
17126,1004.75,792,5,1.8555384615384616,1,Low Value Customer
17128,157.09,76,1,3.985,1,Low Value Customer
17131,2463.17,983,5,3.519402985074627,3,High Value Customer
17133,4892.240000000001,2730,7,2.1211111111111114,3,High Value Customer
17134,425.0,102,2,5.45,2,Regular Customer
17135,1139.73,1224,7,5.040961538461539,2,Regular Customer
17138,380.5,126,1,4.90625,2,Regular Customer
17139,10668.47,5182,12,3.764456066945607,0,Premium Customer
17140,465.32,302,1,2.5025,1,Low Value Customer
17144,984.57,483,2,5.275833333333334,2,Regular Customer
17146,749.78,212,3,7.031142857142857,2,Regular Customer
17147,1714.59,882,4,3.190987654320988,1,Low Value Customer
17148,124.88,82,1,1.62,1,Low Value Customer
17152,1689.5,517,3,3.482857142857143,1,Low Value Customer
17153,213.78,104,1,2.789285714285714,1,Low Value Customer
17154,329.34,490,1,1.1069565217391304,1,Low Value Customer
17155,251.70000000000002,242,2,2.568,1,Low Value Customer
17157,319.0,172,2,2.5461538461538464,1,Low Value Customer
17158,1266.97,778,3,3.2455223880597015,1,Low Value Customer
17159,1538.88,1111,3,2.389108910891089,1,Low Value Customer
17160,3518.03,2856,6,1.6480349344978165,3,High Value Customer
17162,1715.46,1001,10,3.83,3,High Value Customer
17163,293.1,66,2,4.529999999999999,2,Regular Customer
17164,2467.35,1501,7,2.4883333333333333,3,High Value Customer
17165,158.68,100,1,3.0669999999999997,1,Low Value Customer
17166,206.34,78,2,3.115,1,Low Value Customer
17169,835.78,526,2,2.830740740740741,1,Low Value Customer
17171,224.91,185,1,2.38,1,Low Value Customer
17172,317.76,480,1,0.8446666666666667,1,Low Value Customer
17173,3766.6,1122,8,3.7151162790697674,3,High Value Customer
17174,59.9,41,1,1.6625,1,Low Value Customer
17175,1443.69,866,4,4.0947619047619055,1,Low Value Customer
17176,306.13,170,1,2.772666666666667,1,Low Value Customer
17179,711.79,290,3,2.314375,1,Low Value Customer
17180,796.03,683,4,1.8921875,1,Low Value Customer
17181,239.92000000000002,241,2,3.039565217391304,1,Low Value Customer
17183,3347.31,1296,6,4.032465753424658,3,High Value Customer
17186,144.0,200,2,0.72,1,Low Value Customer
17187,203.95,144,1,3.7649999999999997,1,Low Value Customer
17188,2474.23,1328,7,2.6591666666666667,3,High Value Customer
17189,384.40000000000003,227,2,2.3147540983606554,1,Low Value Customer
17190,444.74,161,2,12.313684210526317,2,Regular Customer
17191,2095.13,1167,7,2.56506329113924,3,High Value Customer
17193,1699.3000000000002,1254,7,2.4309375,3,High Value Customer
17194,262.62,119,2,3.9117241379310346,1,Low Value Customer
17197,1013.01,191,1,5.508965517241379,2,Regular Customer
17198,692.22,357,3,2.8972916666666664,1,Low Value Customer
17201,342.63,268,1,1.9490000000000003,1,Low Value Customer
17203,3563.85,2850,6,1.7332236842105262,3,High Value Customer
17204,1564.56,646,4,4.6410526315789475,2,Regular Customer
17205,384.08,884,1,0.5253846153846153,1,Low Value Customer
17206,204.24,76,1,2.7885714285714287,1,Low Value Customer
17211,2317.2200000000003,1323,8,3.2573933649289097,3,High Value Customer
17212,226.85,147,1,1.385,1,Low Value Customer
17213,2781.23,1176,7,4.155414012738853,3,High Value Customer
17214,1069.1200000000001,276,6,5.273495145631068,2,Regular Customer
17217,113.5,24,1,3.716666666666667,1,Low Value Customer
17218,1960.72,958,10,2.9099270072992702,3,High Value Customer
17219,114.23,89,1,1.8852000000000002,1,Low Value Customer
17220,3198.25,1905,14,2.460635593220339,3,High Value Customer
17221,335.13,288,2,1.9444444444444444,1,Low Value Customer
17222,354.15,128,1,2.9910714285714284,1,Low Value Customer
17223,426.79,112,2,4.364285714285714,2,Regular Customer
17226,393.49,406,1,2.5752380952380953,1,Low Value Customer
17227,939.32,741,6,1.3721276595744683,1,Low Value Customer
17228,1906.09,1532,8,1.7266346153846153,3,High Value Customer
17229,318.76,185,2,2.008936170212766,1,Low Value Customer
17230,3638.41,1651,8,3.736521739130435,3,High Value Customer
17231,3174.32,1742,10,2.7424584103512015,3,High Value Customer
17232,421.52,203,2,2.656388888888889,1,Low Value Customer
17233,190.88,131,1,2.4748,1,Low Value Customer
17234,149.89000000000001,55,1,3.697857142857143,1,Low Value Customer
17235,550.06,224,2,3.179310344827586,1,Low Value Customer
17236,916.13,474,6,2.6937142857142855,1,Low Value Customer
17237,314.69,105,2,3.2257894736842103,1,Low Value Customer
17238,3744.65,1822,17,2.688268551236749,3,High Value Customer
17239,382.5,150,1,4.066666666666666,1,Low Value Customer
17242,1135.04,611,2,2.14775,1,Low Value Customer
17243,8676.85,3370,26,4.198025,0,Premium Customer
17244,954.9,616,1,1.7067741935483869,1,Low Value Customer
17245,171.45,75,1,2.9055555555555554,1,Low Value Customer
17247,282.19,106,1,3.282,1,Low Value Customer
17248,318.65,213,1,1.905217391304348,1,Low Value Customer
17250,384.52,168,2,3.0140350877192983,1,Low Value Customer
17251,283.28000000000003,110,1,3.503589743589744,1,Low Value Customer
17252,353.86,193,2,2.7728735632183907,1,Low Value Customer
17253,178.26,43,1,5.614444444444445,2,Regular Customer
17254,272.44,252,2,1.5055357142857144,1,Low Value Customer
17255,298.41,232,2,1.9242307692307692,1,Low Value Customer
17256,240.0,141,2,2.448125,1,Low Value Customer
17259,603.37,410,2,2.3345967741935483,1,Low Value Customer
17262,1253.3600000000001,367,5,4.0275,1,Low Value Customer
17263,63.440000000000005,36,1,2.011304347826087,1,Low Value Customer
17265,562.9,394,2,2.3281889763779526,1,Low Value Customer
17266,310.64,161,3,2.5951250000000003,1,Low Value Customer
17267,317.62,159,2,3.401315789473684,1,Low Value Customer
17268,763.64,844,4,1.0066666666666666,1,Low Value Customer
17272,2148.63,1778,4,1.8583333333333334,3,High Value Customer
17274,111.97999999999999,79,1,1.744074074074074,1,Low Value Customer
17277,1065.3500000000001,430,2,3.351594202898551,1,Low Value Customer
17278,246.04,179,1,4.753333333333334,2,Regular Customer
17279,187.82999999999998,48,1,6.736666666666666,2,Regular Customer
17282,1703.41,1877,3,2.3886170212765956,3,High Value Customer
17284,1652.58,1364,6,1.6184246575342465,3,High Value Customer
17286,153.92,118,1,1.8722222222222222,1,Low Value Customer
17287,1064.11,559,7,3.17258064516129,1,Low Value Customer
17288,1419.73,1203,7,2.674647887323944,3,High Value Customer
17289,944.41,520,3,2.1884684684684688,1,Low Value Customer
17290,525.24,404,2,2.572941176470588,1,Low Value Customer
17291,550.8000000000001,72,1,7.65,2,Regular Customer
17293,1875.1100000000001,1140,9,2.766074074074074,3,High Value Customer
17295,556.95,294,3,2.9497101449275362,1,Low Value Customer
17297,131.78,67,1,2.2054901960784314,1,Low Value Customer
17298,498.42,387,2,2.0803333333333334,1,Low Value Customer
17299,669.11,678,4,1.6266666666666667,1,Low Value Customer
17301,197.63,149,1,1.910909090909091,1,Low Value Customer
17302,1135.63,575,5,2.506582278481013,1,Low Value Customer
17303,250.04,144,1,2.940943396226415,1,Low Value Customer
17309,82.75,41,1,2.9375,1,Low Value Customer
17311,1384.85,1005,2,3.0627272727272725,1,Low Value Customer
17312,644.3,372,3,2.305,1,Low Value Customer
17313,2328.84,1402,1,2.1425,1,Low Value Customer
17314,2527.92,1896,8,2.458091603053435,3,High Value Customer
17317,2600.34,1146,3,3.2244444444444444,1,Low Value Customer
17320,1200.6200000000001,634,3,3.742191780821918,1,Low Value Customer
17321,700.86,373,2,2.766728971962617,1,Low Value Customer
17323,921.07,776,7,1.4286500000000002,1,Low Value Customer
17324,990.23,844,4,2.7656,1,Low Value Customer
17325,96.8,60,1,1.633333333333333,1,Low Value Customer
17329,523.11,142,2,4.12939393939394,1,Low Value Customer
17330,363.9,120,2,4.488333333333333,2,Regular Customer
17331,175.2,16,1,10.95,2,Regular Customer
17333,494.25,375,1,1.772142857142857,1,Low Value Customer
17334,307.02,315,2,1.3527272727272728,1,Low Value Customer
17337,2027.8700000000001,1269,4,2.2972375690607736,3,High Value Customer
17338,6643.93,3128,8,2.779442231075697,3,High Value Customer
17339,243.36,152,2,2.9522222222222223,1,Low Value Customer
17340,12353.29,5967,11,3.148869778869779,0,Premium Customer
17341,781.36,489,3,2.1207650273224044,1,Low Value Customer
17343,193.64,56,1,4.70235294117647,2,Regular Customer
17344,160.57,66,1,2.8334375,1,Low Value Customer
17345,537.74,346,4,2.7472413793103447,1,Low Value Customer
17346,2676.56,1657,15,2.39966,3,High Value Customer
17347,228.96,216,1,1.06,1,Low Value Customer
17348,1159.52,1401,5,1.6951627906976743,1,Low Value Customer
17349,110.75,112,1,3.0877777777777777,1,Low Value Customer
17350,1286.07,795,4,2.4407042253521127,1,Low Value Customer
17351,587.15,113,3,5.725555555555555,2,Regular Customer
17353,1740.0,1200,2,1.45,1,Low Value Customer
17354,1393.06,1006,1,1.4068749999999999,1,Low Value Customer
17356,178.22,166,1,1.121578947368421,1,Low Value Customer
17357,388.14,153,2,3.4548888888888887,1,Low Value Customer
17358,365.85,202,2,2.692372881355932,1,Low Value Customer
17359,127.86,161,1,2.104,1,Low Value Customer
17360,585.79,335,3,2.8299242424242426,1,Low Value Customer
17361,488.2,157,3,4.833793103448276,2,Regular Customer
17362,312.23,191,2,2.991142857142857,1,Low Value Customer
17364,4481.18,2701,11,2.703065693430657,3,High Value Customer
17365,4801.56,4777,8,1.9343803418803418,0,Premium Customer
17367,168.4,150,1,1.8961764705882354,1,Low Value Customer
17368,1912.67,1391,8,2.488468468468468,3,High Value Customer
17370,446.18,540,4,1.396969696969697,1,Low Value Customer
17371,423.89,152,3,3.1804597701149424,1,Low Value Customer
17372,1342.68,749,8,2.326600790513834,3,High Value Customer
17373,646.92,408,4,1.8789473684210525,1,Low Value Customer
17374,495.77,85,2,7.0996428571428565,2,Regular Customer
17375,400.1,367,3,2.7102898550724634,1,Low Value Customer
17376,203.2,86,2,3.454166666666667,1,Low Value Customer
17377,4100.92,2076,20,2.604186602870813,3,High Value Customer
17379,404.66,663,1,1.3718072289156626,1,Low Value Customer
17382,65.4,25,1,8.55,2,Regular Customer
17383,199.29,150,1,1.8564705882352943,1,Low Value Customer
17384,336.4,88,2,3.2493333333333334,1,Low Value Customer
17385,261.11,201,1,1.92,1,Low Value Customer
17386,2686.42,1902,6,1.6421428571428573,3,High Value Customer
17387,784.11,542,2,2.417692307692308,1,Low Value Customer
17388,1259.56,1068,4,4.6979999999999995,2,Regular Customer
17391,508.8,480,2,1.06,1,Low Value Customer
17392,457.91,320,2,3.4179032258064517,1,Low Value Customer
17394,203.86999999999998,241,1,3.4425,1,Low Value Customer
17396,7330.8,2005,8,4.416296296296296,3,High Value Customer
17397,696.41,254,2,3.074782608695652,1,Low Value Customer
17398,653.38,310,3,4.841578947368421,2,Regular Customer
17400,2129.96,1097,5,3.355680751173709,3,High Value Customer
17402,2633.85,701,13,5.860169491525424,3,High Value Customer
17403,281.62,117,1,3.1360606060606058,1,Low Value Customer
17405,1031.41,726,3,3.1534146341463414,1,Low Value Customer
17406,2200.42,787,3,6.764955752212389,2,Regular Customer
17408,32.65,3,1,11.35,2,Regular Customer
17409,771.85,105,2,7.625384615384615,2,Regular Customer
17410,1214.72,616,5,3.48953125,1,Low Value Customer
17411,778.94,306,3,4.144146341463415,1,Low Value Customer
17412,1258.06,738,7,2.721060606060606,3,High Value Customer
17414,778.0,2100,2,0.425,1,Low Value Customer
17416,6893.42,4302,7,2.3484758364312266,0,Premium Customer
17418,463.46000000000004,289,2,2.941666666666667,1,Low Value Customer
17419,4226.57,1876,12,4.12121359223301,3,High Value Customer
17420,598.83,265,3,3.881333333333333,1,Low Value Customer
17422,1979.37,2253,6,1.4844444444444445,3,High Value Customer
17423,698.41,459,2,2.2849999999999997,1,Low Value Customer
17425,759.17,407,2,2.670930232558139,1,Low Value Customer
17426,5037.26,3094,6,3.014686346863469,3,High Value Customer
17427,100.8,34,1,4.165,1,Low Value Customer
17428,17256.85,9474,28,3.572774390243903,0,Premium Customer
17429,524.9200000000001,624,3,2.086153846153846,1,Low Value Customer
17430,265.76,190,2,1.997857142857143,1,Low Value Customer
17431,403.3,292,1,1.9611627906976743,1,Low Value Customer
17432,365.76,207,2,2.5272916666666667,1,Low Value Customer
17433,303.15999999999997,185,1,2.4059259259259256,1,Low Value Customer
17434,2373.82,1693,7,2.741044776119403,3,High Value Customer
17436,216.29999999999998,90,2,2.4277777777777776,1,Low Value Customer
17438,388.45000000000005,103,1,5.238235294117647,2,Regular Customer
17440,186.42000000000002,246,3,0.678,1,Low Value Customer
17442,2248.56,1496,6,2.5273333333333334,3,High Value Customer
17443,534.24,504,1,1.06,1,Low Value Customer
17444,2940.04,2119,3,6.547407407407408,2,Regular Customer
17446,120.9,198,2,0.7722222222222223,1,Low Value Customer
17447,541.53,443,2,1.6922222222222223,1,Low Value Customer
17449,2520.86,1122,7,3.4911552346570396,3,High Value Customer
17451,1721.4,1203,7,2.2744,3,High Value Customer
17453,486.71999999999997,219,2,3.4231578947368417,1,Low Value Customer
17454,517.53,243,4,2.6434426229508197,1,Low Value Customer
17455,131.7,66,1,2.825,1,Low Value Customer
17456,249.86,222,1,1.5076470588235293,1,Low Value Customer
17457,1737.7,826,5,3.221052631578947,1,Low Value Customer
17458,316.5,170,1,2.4331481481481485,1,Low Value Customer
17459,657.3,537,2,1.9172072072072073,1,Low Value Customer
17460,622.4300000000001,236,6,4.310689655172414,2,Regular Customer
17461,757.46,799,3,2.4001801801801803,1,Low Value Customer
17462,675.69,227,2,3.8862962962962966,1,Low Value Customer
17463,1896.41,1095,5,2.794604651162791,3,High Value Customer
17464,289.96000000000004,220,1,2.7211111111111115,1,Low Value Customer
17466,763.28,306,2,4.690975609756098,2,Regular Customer
17468,137.0,116,2,1.17,1,Low Value Customer
17469,1870.97,787,5,3.0990909090909096,1,Low Value Customer
17470,1125.07,1675,5,1.2026923076923077,3,High Value Customer
17472,710.29,462,3,2.055303867403315,1,Low Value Customer
17475,194.37,178,1,1.7764285714285715,1,Low Value Customer
17480,511.82,338,1,1.8,1,Low Value Customer
17481,1255.59,1061,4,2.549390243902439,1,Low Value Customer
17483,414.04,191,3,3.264761904761905,1,Low Value Customer
17486,396.87,191,1,2.89625,1,Low Value Customer
17489,376.64,428,2,1.076896551724138,1,Low Value Customer
17490,2092.32,1134,7,3.0061842105263157,3,High Value Customer
17491,3558.87,2013,10,3.312935779816514,3,High Value Customer
17492,374.57,155,1,3.5233333333333334,1,Low Value Customer
17495,497.56,229,2,3.68,1,Low Value Customer
17496,271.05,79,1,5.165,2,Regular Customer
17498,272.22,394,1,2.0194117647058825,1,Low Value Customer
17499,622.88,711,1,1.73825,1,Low Value Customer
17501,288.6,160,2,3.4944444444444445,1,Low Value Customer
17502,689.1,376,4,2.8096428571428573,1,Low Value Customer
17503,558.96,486,2,2.3276315789473685,1,Low Value Customer
17504,2997.0299999999997,1664,9,3.409527559055118,3,High Value Customer
17505,1145.84,556,2,2.9532692307692305,1,Low Value Customer
17506,302.2,139,1,3.6342857142857143,1,Low Value Customer
17507,605.58,359,2,2.6617045454545454,1,Low Value Customer
17508,387.31,289,1,1.622272727272727,1,Low Value Customer
17509,6115.14,3534,8,2.259207650273224,3,High Value Customer
17510,308.48,214,1,2.211,1,Low Value Customer
17512,2924.9900000000002,2753,10,1.9543809523809526,3,High Value Customer
17513,513.2,254,1,2.77,1,Low Value Customer
17514,208.65,135,1,2.228,1,Low Value Customer
17515,639.02,243,4,3.7408045977011493,1,Low Value Customer
17516,768.08,416,5,2.759124087591241,1,Low Value Customer
17517,153.94,102,1,2.5381818181818185,1,Low Value Customer
17519,1844.02,1236,6,3.1192682926829267,3,High Value Customer
17520,546.81,365,1,3.2976666666666663,1,Low Value Customer
17521,723.2099999999999,519,3,1.9406666666666665,1,Low Value Customer
17522,1070.71,1034,5,1.9445205479452052,1,Low Value Customer
17523,652.74,872,4,3.128181818181818,1,Low Value Customer
17524,145.0,90,1,1.5916666666666668,1,Low Value Customer
17525,422.70000000000005,82,1,6.005555555555556,2,Regular Customer
17526,1195.8999999999999,310,4,5.22578947368421,2,Regular Customer
17527,939.37,488,4,3.408936170212766,1,Low Value Customer
17528,3628.5,2138,8,3.161818181818182,3,High Value Customer
17530,2385.0,1526,10,2.3262690355329947,3,High Value Customer
17531,296.7,136,1,4.1242857142857146,1,Low Value Customer
17534,223.36,103,1,2.677777777777778,1,Low Value Customer
17535,164.4,136,1,1.473076923076923,1,Low Value Customer
17536,76.5,6,1,12.75,2,Regular Customer
17537,897.62,700,2,2.6604,1,Low Value Customer
17538,98.42,134,1,1.1933333333333334,1,Low Value Customer
17540,578.9,194,2,3.534,1,Low Value Customer
17542,170.75,134,1,2.5839999999999996,1,Low Value Customer
17545,645.96,341,3,2.4860689655172417,1,Low Value Customer
17548,103.3,58,1,2.43,1,Low Value Customer
17549,148.86,210,2,1.7666666666666666,1,Low Value Customer
17550,267.16,86,3,2.978095238095238,1,Low Value Customer
17551,306.84,150,1,2.5411627906976744,1,Low Value Customer
17552,930.41,719,4,2.2583673469387753,1,Low Value Customer
17553,1487.6,1048,1,3.1,1,Low Value Customer
17554,1952.45,1763,5,3.0594318181818183,3,High Value Customer
17555,483.26,349,2,2.184622641509434,1,Low Value Customer
17556,157.9,101,1,4.778333333333333,2,Regular Customer
17557,541.46,306,3,2.702058823529412,1,Low Value Customer
17560,854.95,635,4,3.4342307692307696,1,Low Value Customer
17561,167.62,146,1,2.0943478260869566,1,Low Value Customer
17562,1122.38,817,7,1.8968253968253967,1,Low Value Customer
17564,454.01,146,3,3.722448979591837,1,Low Value Customer
17566,901.21,518,2,2.6539473684210524,1,Low Value Customer
17567,4331.48,2632,8,2.3494545454545457,3,High Value Customer
17569,344.14,159,1,3.3531034482758617,1,Low Value Customer
17571,1498.51,905,4,2.758227424749164,1,Low Value Customer
17572,226.75000000000003,95,4,3.158333333333333,1,Low Value Customer
17573,380.6,308,3,2.2028,1,Low Value Customer
17574,185.65,77,1,3.3162499999999997,1,Low Value Customer
17576,3622.68,1994,19,3.015547445255475,3,High Value Customer
17578,143.45999999999998,138,1,1.286,1,Low Value Customer
17579,448.90000000000003,258,3,2.476,1,Low Value Customer
17580,215.72,88,3,2.1575555555555557,1,Low Value Customer
17581,11045.04,5927,25,3.117909090909091,0,Premium Customer
17582,175.27,123,1,2.134137931034483,1,Low Value Customer
17584,1242.3,458,2,3.982857142857143,1,Low Value Customer
17585,1133.07,1671,4,1.380981308411215,1,Low Value Customer
17588,1240.2,676,3,5.203043478260869,2,Regular Customer
17589,2404.17,1631,4,2.1748221343873517,3,High Value Customer
17590,1479.22,828,3,2.668407960199005,1,Low Value Customer
17591,2225.9700000000003,1009,7,3.532228915662651,3,High Value Customer
17593,3927.34,3101,5,2.497136150234742,3,High Value Customer
17594,993.18,550,2,1.9409999999999998,1,Low Value Customer
17595,388.79,229,2,2.497710843373494,1,Low Value Customer
17596,2827.93,4400,7,1.9154814814814818,3,High Value Customer
17597,2044.3700000000001,1176,1,3.3992727272727272,1,Low Value Customer
17600,161.67000000000002,144,1,3.5307692307692307,1,Low Value Customer
17601,116.00999999999999,103,1,1.6122222222222222,1,Low Value Customer
17602,5102.97,4151,6,1.9664464285714287,3,High Value Customer
17603,394.72,74,1,13.392727272727273,2,Regular Customer
17604,309.36,169,2,2.5342857142857143,1,Low Value Customer
17608,193.42,232,2,1.153050847457627,1,Low Value Customer
17609,1112.22,723,5,2.3075105485232066,1,Low Value Customer
17611,3984.22,2560,15,2.5292881944444447,3,High Value Customer
17612,2048.45,1808,6,2.5762962962962965,3,High Value Customer
17613,4559.150000000001,2496,14,2.6451602564102563,3,High Value Customer
17614,390.07,238,1,2.2116,1,Low Value Customer
17615,329.6,140,3,3.9107142857142856,1,Low Value Customer
17616,571.1999999999999,224,3,2.55,1,Low Value Customer
17618,971.58,331,3,4.282820512820513,1,Low Value Customer
17619,218.52,127,1,1.8036363636363635,1,Low Value Customer
17620,81.44,60,1,2.7575,1,Low Value Customer
17621,1379.9,514,3,3.1365384615384615,1,Low Value Customer
17623,527.0500000000001,265,1,2.8709090909090906,1,Low Value Customer
17624,843.48,554,2,2.958,1,Low Value Customer
17625,2047.0,1198,4,2.539587301587302,1,Low Value Customer
17628,75.75,79,1,2.41,1,Low Value Customer
17629,1814.12,1629,8,2.0857723577235774,3,High Value Customer
17630,503.59999999999997,158,2,7.825000000000001,2,Regular Customer
17631,528.33,334,3,3.712820512820513,1,Low Value Customer
17633,1324.84,644,4,2.797428571428571,1,Low Value Customer
17634,2361.9700000000003,840,9,3.7267003367003366,3,High Value Customer
17636,285.56,182,1,2.3905000000000003,1,Low Value Customer
17637,547.0600000000001,280,2,3.432857142857143,1,Low Value Customer
17639,108.5,49,1,5.514285714285714,2,Regular Customer
17640,621.66,250,1,2.566,1,Low Value Customer
17642,712.29,474,2,2.3432500000000003,1,Low Value Customer
17643,101.55,71,1,4.01875,1,Low Value Customer
17644,2895.64,1793,11,2.771783439490446,3,High Value Customer
17646,1008.39,323,3,4.756666666666667,2,Regular Customer
17647,133.06,30,1,7.097142857142857,2,Regular Customer
17648,1797.5,487,4,5.536483516483516,2,Regular Customer
17649,868.49,399,1,3.581153846153846,1,Low Value Customer
17650,166.08,150,1,1.89625,1,Low Value Customer
17651,3945.0,3112,10,2.0029310344827587,3,High Value Customer
17652,4867.72,2509,12,3.3447490347490345,3,High Value Customer
17653,1207.56,1409,4,4.069090909090909,1,Low Value Customer
17654,117.55,41,1,3.1568181818181817,1,Low Value Customer
17655,2638.94,1116,7,4.826153846153846,3,High Value Customer
17656,1674.69,1399,5,2.772560975609756,3,High Value Customer
17658,595.42,616,2,2.561052631578947,1,Low Value Customer
17659,2999.46,1525,12,4.0412025316455695,3,High Value Customer
17660,196.0,130,1,2.0037777777777777,1,Low Value Customer
17663,1802.91,797,7,3.9981395348837214,3,High Value Customer
17664,604.64,604,2,1.9167441860465118,1,Low Value Customer
17666,728.16,596,2,1.8988888888888888,1,Low Value Customer
17667,2055.51,1033,5,3.6650862068965515,3,High Value Customer
17668,347.75,93,2,7.336666666666667,2,Regular Customer
17669,3406.7200000000003,1916,7,1.8576470588235294,3,High Value Customer
17670,205.7,110,1,2.590909090909091,1,Low Value Customer
17671,1572.71,772,4,3.197358490566038,1,Low Value Customer
17672,3178.17,1690,2,3.331818181818182,3,High Value Customer
17673,1629.12,1487,6,1.6033920704845817,3,High Value Customer
17674,551.04,672,2,0.7588888888888888,1,Low Value Customer
17676,1387.68,932,6,1.9006410256410255,1,Low Value Customer
17677,16363.23,9775,30,2.732993421052632,0,Premium Customer
17678,298.11,207,1,2.235625,1,Low Value Customer
17679,1992.1100000000001,729,2,5.309,2,Regular Customer
17680,184.4,96,1,2.8000000000000003,1,Low Value Customer
17682,2474.33,1367,6,2.400762711864407,3,High Value Customer
17684,239.41,145,1,2.916,1,Low Value Customer
17685,3191.53,1956,7,2.000923076923077,3,High Value Customer
17686,5739.46,2478,7,3.8588811188811194,3,High Value Customer
17690,4757.95,1773,15,5.7077734375,3,High Value Customer
17691,290.40000000000003,134,2,3.4026315789473687,1,Low Value Customer
17692,740.9399999999999,672,4,1.6482608695652174,1,Low Value Customer
17693,200.47,231,1,2.0825,1,Low Value Customer
17694,283.12,184,1,2.6086666666666667,1,Low Value Customer
17695,765.34,779,2,1.2517142857142858,1,Low Value Customer
17696,2285.71,1756,8,2.3863478260869564,3,High Value Customer
17697,338.95,93,1,5.084210526315789,2,Regular Customer
17698,154.95,93,1,2.1375,1,Low Value Customer
17700,2534.64,1266,4,3.167887323943662,3,High Value Customer
17701,417.95,109,1,5.754166666666666,2,Regular Customer
17702,1824.37,1353,4,1.7451351351351354,1,Low Value Customer
17703,798.74,590,3,1.6427272727272726,1,Low Value Customer
17704,885.19,343,2,3.918709677419355,1,Low Value Customer
17705,1823.52,963,9,2.987378640776699,3,High Value Customer
17706,10504.49,3899,17,4.205471204188481,0,Premium Customer
17707,152.4,144,2,1.7700000000000002,1,Low Value Customer
17708,267.08,91,2,3.144,1,Low Value Customer
17709,137.45,17,1,13.007142857142858,2,Regular Customer
17711,385.1,246,2,2.4530434782608697,1,Low Value Customer
17712,522.91,215,1,4.665172413793103,2,Regular Customer
17714,153.0,92,1,2.05,1,Low Value Customer
17715,326.4,384,1,0.85,1,Low Value Customer
17716,5655.99,3072,11,2.530040816326531,3,High Value Customer
17718,139.35,83,1,4.191666666666666,1,Low Value Customer
17719,5396.04,2466,15,4.476167883211679,3,High Value Customer
17720,1195.94,576,4,5.4342,2,Regular Customer
17722,2424.04,1595,4,3.3454782608695655,3,High Value Customer
17723,3276.4000000000005,792,6,4.07,3,High Value Customer
17724,1033.0,300,3,4.37125,2,Regular Customer
17725,3439.08,2162,11,2.5801041666666666,3,High Value Customer
17727,1060.25,645,1,3.1312121212121213,1,Low Value Customer
17728,2876.01,1469,3,3.3267272727272728,3,High Value Customer
17730,5298.4800000000005,3576,13,1.9898165137614678,0,Premium Customer
17731,1240.11,493,4,5.1274626865671635,2,Regular Customer
17732,303.97,93,1,4.9494444444444445,2,Regular Customer
17733,692.19,463,2,2.959142857142857,1,Low Value Customer
17734,700.63,422,3,2.8969767441860466,1,Low Value Customer
17735,13110.02,8439,19,2.192463768115942,0,Premium Customer
17736,377.44,238,3,5.2212,2,Regular Customer
17737,168.24,108,2,2.414,1,Low Value Customer
17738,1879.05,1029,4,3.5612371134020617,1,Low Value Customer
17739,2791.35,861,7,4.5727659574468085,3,High Value Customer
17742,355.11,89,2,8.895333333333333,2,Regular Customer
17744,2322.4,3412,6,0.8940441176470588,3,High Value Customer
17746,110.25,29,1,5.741666666666667,2,Regular Customer
17747,71.4,12,1,5.95,2,Regular Customer
17749,674.52,320,2,4.591714285714286,2,Regular Customer
17750,1797.57,3957,9,0.6623316062176166,3,High Value Customer
17752,80.64,192,1,0.42,1,Low Value Customer
17754,1772.26,1869,5,0.9895652173913044,3,High Value Customer
17757,5605.29,3320,30,2.748758434547908,0,Premium Customer
17758,3456.7000000000003,2091,8,2.375485436893204,3,High Value Customer
17759,834.99,708,3,2.266947368421053,1,Low Value Customer
17760,287.59,239,2,2.2716,1,Low Value Customer
17761,712.78,398,1,3.142105263157895,1,Low Value Customer
17763,15.0,12,1,1.25,1,Low Value Customer
17764,818.8199999999999,395,2,3.154533333333333,1,Low Value Customer
17765,371.88,144,3,3.8773684210526316,1,Low Value Customer
17767,271.2,128,1,2.7976190476190474,1,Low Value Customer
17768,2273.1800000000003,1186,3,3.846857142857143,1,Low Value Customer
17769,3997.98,1862,10,3.0608709677419355,3,High Value Customer
17770,1143.27,365,5,4.827105263157895,2,Regular Customer
17771,245.81,287,2,2.247592592592593,1,Low Value Customer
17772,182.77,58,2,3.320943396226415,1,Low Value Customer
17774,1225.41,512,4,3.3438461538461537,1,Low Value Customer
17775,56.4,72,1,0.7833333333333333,1,Low Value Customer
17777,665.86,507,3,1.6470103092783503,1,Low Value Customer
17779,658.57,397,3,2.803170731707317,1,Low Value Customer
17781,188.02,34,2,5.5566666666666675,2,Regular Customer
17783,283.47,354,2,1.922686567164179,1,Low Value Customer
17785,131.94,67,1,2.563076923076923,1,Low Value Customer
17786,278.74,200,2,2.1241666666666665,1,Low Value Customer
17787,1865.19,910,4,2.8470895522388058,1,Low Value Customer
17788,1117.9,211,2,5.42,2,Regular Customer
17789,225.9,74,1,3.9714285714285715,1,Low Value Customer
17790,1965.55,836,14,3.126894736842105,3,High Value Customer
17791,106.1,46,1,2.77,1,Low Value Customer
17793,323.04,232,1,3.7682758620689656,1,Low Value Customer
17795,350.39,341,2,1.9260869565217391,1,Low Value Customer
17796,697.9,178,4,4.017073170731707,1,Low Value Customer
17797,780.43,498,3,2.552792792792793,1,Low Value Customer
17799,3055.93,1758,10,2.532769607843137,3,High Value Customer
17800,1199.01,736,9,2.200480769230769,3,High Value Customer
17802,1285.04,752,3,2.2339285714285713,1,Low Value Customer
17805,512.31,478,1,2.257,1,Low Value Customer
17806,546.04,727,1,1.0211627906976743,1,Low Value Customer
17809,5411.91,2057,12,2.9057377049180326,3,High Value Customer
17812,732.16,350,4,3.029645390070922,1,Low Value Customer
17813,1770.8799999999999,790,5,3.3684636118598386,1,Low Value Customer
17816,36.56,30,4,1.4105882352941177,1,Low Value Customer
17817,387.68,67,3,9.148484848484848,2,Regular Customer
17819,3704.87,1031,7,4.4487499999999995,3,High Value Customer
17824,298.4,408,1,1.0692307692307692,1,Low Value Customer
17827,1995.46,1247,5,2.3783636363636362,3,High Value Customer
17828,1820.09,667,4,5.273432835820896,2,Regular Customer
17829,889.24,496,1,2.5856666666666666,1,Low Value Customer
17830,398.7,92,3,6.01304347826087,2,Regular Customer
17831,35.400000000000006,12,1,2.95,1,Low Value Customer
17832,155.37,208,1,1.1116393442622952,1,Low Value Customer
17835,350.64,348,3,1.6985245901639343,1,Low Value Customer
17836,110.21000000000001,88,1,1.3658333333333335,1,Low Value Customer
17837,1593.38,518,8,3.8654437869822487,3,High Value Customer
17838,2779.3,1879,5,3.797685950413223,3,High Value Customer
17839,338.8,285,1,1.7505357142857143,1,Low Value Customer
17843,205.48,113,1,3.2051351351351354,1,Low Value Customer
17844,51.559999999999995,52,1,0.998,1,Low Value Customer
17848,901.1999999999999,398,9,4.231372549019608,3,High Value Customer
17849,605.8000000000001,114,4,10.323076923076924,2,Regular Customer
17852,114.34,53,2,2.3679166666666664,1,Low Value Customer
17854,311.26,84,2,3.586,1,Low Value Customer
17855,208.97,197,1,1.7658823529411765,1,Low Value Customer
17856,1418.03,842,4,3.5593333333333335,1,Low Value Customer
17858,5155.66,2706,12,5.885075376884423,3,High Value Customer
17859,148.21,127,1,1.8108000000000002,1,Low Value Customer
17860,252.8,104,1,2.556379310344828,1,Low Value Customer
17861,2100.8,1988,8,2.4218018018018017,3,High Value Customer
17862,330.9,100,1,5.145454545454545,2,Regular Customer
17863,3160.0,2638,6,1.547027027027027,3,High Value Customer
17864,597.5,810,3,1.8047058823529414,1,Low Value Customer
17865,10526.32,5757,20,2.7636756756756755,0,Premium Customer
17866,329.65,174,1,3.4000000000000004,1,Low Value Customer
17867,1197.1000000000001,542,6,2.3807594936708862,1,Low Value Customer
17869,428.18,111,5,6.1585,2,Regular Customer
17870,1894.35,1401,12,2.2145161290322584,3,High Value Customer
17871,155.9,182,1,2.132,1,Low Value Customer
17873,1859.16,1047,5,4.690227272727273,2,Regular Customer
17874,683.46,221,6,4.084565217391304,1,Low Value Customer
17877,237.61,98,1,3.5408333333333335,1,Low Value Customer
17878,379.45,401,1,2.246153846153846,1,Low Value Customer
17879,178.51999999999998,45,1,3.638333333333333,1,Low Value Customer
17880,458.92,314,1,2.4615384615384617,1,Low Value Customer
17881,133.35000000000002,32,1,4.53125,2,Regular Customer
17883,671.77,379,4,2.2995172413793106,1,Low Value Customer
17884,717.45,854,4,1.9159829059829059,1,Low Value Customer
17885,190.19,167,1,2.215,1,Low Value Customer
17886,899.61,481,3,2.988348623853211,1,Low Value Customer
17887,111.35,30,1,5.235,2,Regular Customer
17888,726.05,980,8,2.974925373134328,3,High Value Customer
17889,203.87,79,2,3.4580952380952383,1,Low Value Customer
17890,602.09,416,2,2.4690425531914895,1,Low Value Customer
17891,203.85999999999999,393,1,0.711764705882353,1,Low Value Customer
17892,244.1,109,3,3.275,1,Low Value Customer
17893,112.25,161,1,2.0949999999999998,1,Low Value Customer
17894,1119.81,405,8,2.7942487046632123,1,Low Value Customer
17895,98.0,130,1,1.860625,1,Low Value Customer
17896,256.32,288,1,0.89,1,Low Value Customer
17897,566.6,229,3,3.0799122807017545,1,Low Value Customer
17898,152.06,190,2,1.4814285714285713,1,Low Value Customer
17899,155.8,171,1,2.384375,1,Low Value Customer
17900,112.19999999999999,73,2,3.608333333333333,1,Low Value Customer
17901,110.38,24,1,5.328947368421052,2,Regular Customer
17904,191.67,63,1,3.617894736842105,1,Low Value Customer
17905,800.24,407,4,3.793823529411765,1,Low Value Customer
17906,72.9,26,1,3.8249999999999997,1,Low Value Customer
17908,243.28,173,1,2.6725862068965514,1,Low Value Customer
17911,366.23,223,1,2.181025641025641,1,Low Value Customer
17912,311.01,185,5,3.9815789473684213,1,Low Value Customer
17913,411.6,289,2,2.434237288135593,1,Low Value Customer
17914,336.43,473,1,1.9649999999999999,1,Low Value Customer
17917,341.28,187,3,2.2280851063829785,1,Low Value Customer
17919,1304.04,756,1,2.1630434782608696,1,Low Value Customer
17920,4204.1,2516,17,2.3329741379310347,3,High Value Customer
17921,826.52,430,4,2.348689655172414,1,Low Value Customer
17923,207.50000000000003,50,1,4.15,1,Low Value Customer
17924,2962.5,1160,7,3.246451612903226,3,High Value Customer
17925,244.08,72,1,3.39,1,Low Value Customer
17926,397.29,306,2,3.1552380952380954,1,Low Value Customer
17928,212.54,140,2,2.988695652173913,1,Low Value Customer
17929,843.0,108,4,7.57,2,Regular Customer
17930,1740.48,1594,5,1.4825641025641025,3,High Value Customer
17931,408.36,249,2,3.069384615384615,1,Low Value Customer
17932,1331.57,789,3,2.7395555555555555,1,Low Value Customer
17934,704.25,478,2,3.4528571428571433,1,Low Value Customer
17935,145.79,82,2,1.8672413793103448,1,Low Value Customer
17936,389.84,262,1,2.384025974025974,1,Low Value Customer
17937,4301.22,1754,7,3.473255813953488,3,High Value Customer
17939,99.14,40,1,2.455833333333333,1,Low Value Customer
17941,304.56,252,1,1.255,1,Low Value Customer
17942,77.50000000000001,38,1,1.525,1,Low Value Customer
17946,149.57999999999998,75,2,3.1445,1,Low Value Customer
17947,176.68,168,1,0.9422222222222223,1,Low Value Customer
17948,358.56000000000006,144,1,2.49,1,Low Value Customer
17950,482.2,366,3,2.3209859154929577,1,Low Value Customer
17951,1008.5400000000001,616,3,2.2085,1,Low Value Customer
17954,2332.72,2234,12,1.942103092783505,3,High Value Customer
17955,557.3,273,4,5.631052631578947,2,Regular Customer
17956,12.75,1,1,12.75,2,Regular Customer
17957,111.68,287,1,1.3490322580645162,1,Low Value Customer
17958,508.4599999999999,84,1,4.04,1,Low Value Customer
17960,73.78,41,1,1.7196153846153845,1,Low Value Customer
17962,102.83,128,1,1.6517142857142857,1,Low Value Customer
17964,471.7,301,2,2.680192307692308,1,Low Value Customer
17965,2622.57,1556,14,3.4882370820668696,3,High Value Customer
17966,1098.43,2571,5,1.4894117647058824,3,High Value Customer
17967,123.07,80,1,1.8797916666666667,1,Low Value Customer
17968,277.35,160,1,1.9291764705882353,1,Low Value Customer
17969,228.2,152,2,4.701428571428571,2,Regular Customer
17970,582.59,525,1,2.9658064516129032,1,Low Value Customer
17972,136.04,37,1,4.230322580645161,1,Low Value Customer
17973,337.04,176,1,3.244,1,Low Value Customer
17974,740.79,519,3,2.024245810055866,1,Low Value Customer
17975,4488.81,1568,13,3.1686824324324325,3,High Value Customer
17976,353.19,106,1,3.532,1,Low Value Customer
17977,288.14,342,1,3.2476190476190476,1,Low Value Customer
17978,300.91999999999996,499,1,2.3633333333333333,1,Low Value Customer
17979,757.71,397,4,2.338082191780822,1,Low Value Customer
17980,811.45,682,3,2.2036666666666664,1,Low Value Customer
17984,152.68,98,1,2.066666666666667,1,Low Value Customer
17985,634.95,183,1,4.469565217391304,2,Regular Customer
17986,20.8,10,1,2.08,1,Low Value Customer
17987,198.57,261,1,0.9092307692307693,1,Low Value Customer
17988,201.12,43,7,5.094736842105263,2,Regular Customer
17990,630.84,414,3,2.3224137931034488,1,Low Value Customer
17991,93.35,25,2,4.91,2,Regular Customer
17994,678.49,497,4,2.3518518518518516,1,Low Value Customer
17995,76.1,133,1,1.685,1,Low Value Customer
17997,1970.6699999999998,2298,8,1.5156024096385543,3,High Value Customer
17999,382.06,221,2,2.822903225806452,1,Low Value Customer
18001,417.23,363,2,2.8377586206896552,1,Low Value Customer
18004,169.47,78,1,2.76525,1,Low Value Customer
18005,249.72,93,2,3.1863333333333332,1,Low Value Customer
18006,444.68,220,1,3.2290909090909095,1,Low Value Customer
18008,2116.19,1581,9,3.8,3,High Value Customer
18009,257.34,126,1,4.1378125,1,Low Value Customer
18010,174.8,60,1,5.014285714285714,2,Regular Customer
18011,102.78999999999999,71,1,2.3610714285714285,1,Low Value Customer
18013,187.29,285,2,1.1703225806451614,1,Low Value Customer
18014,166.42,68,1,2.930625,1,Low Value Customer
18015,120.03,157,1,1.2758695652173913,1,Low Value Customer
18016,1483.56,1029,5,3.353821138211382,1,Low Value Customer
18017,523.0,300,3,1.7433333333333334,1,Low Value Customer
18018,122.14,55,2,3.8113793103448277,1,Low Value Customer
18019,38.45,7,1,5.71,2,Regular Customer
18022,668.11,736,1,1.754240837696335,1,Low Value Customer
18024,389.78,184,2,2.5828571428571427,1,Low Value Customer
18027,115.31,78,1,2.7923809523809524,1,Low Value Customer
18030,230.64999999999998,67,2,6.705555555555555,2,Regular Customer
18032,73.5,42,1,1.8699999999999999,1,Low Value Customer
18033,97.97,253,1,1.8658823529411763,1,Low Value Customer
18034,422.88,561,2,1.3344642857142859,1,Low Value Customer
18035,730.4,611,3,2.467358490566038,1,Low Value Customer
18036,405.62,234,3,1.8920833333333336,1,Low Value Customer
18037,70.02,20,6,3.598421052631579,1,Low Value Customer
18040,357.20000000000005,148,2,3.0710526315789473,1,Low Value Customer
18041,4183.39,3819,21,1.968156779661017,0,Premium Customer
18042,165.04999999999998,33,1,5.45,2,Regular Customer
18043,559.51,282,3,2.9121487603305787,1,Low Value Customer
18044,2088.6,1033,10,4.251574803149607,3,High Value Customer
18045,189.4,142,1,2.606808510638298,1,Low Value Customer
18048,172.29000000000002,127,2,1.5,1,Low Value Customer
18050,74.4,40,1,2.31,1,Low Value Customer
18053,300.02,302,1,1.5855000000000001,1,Low Value Customer
18055,6784.1900000000005,2455,10,4.0215555555555556,3,High Value Customer
18056,363.65,211,1,3.7578947368421054,1,Low Value Customer
18058,170.16,88,1,1.7966666666666666,1,Low Value Customer
18059,306.46,258,3,1.913333333333333,1,Low Value Customer
18061,2119.41,955,10,5.010434782608696,3,High Value Customer
18062,720.52,396,3,4.489259259259259,2,Regular Customer
18064,814.0,384,2,2.2471428571428573,1,Low Value Customer
18065,2392.83,1027,14,4.154306569343065,3,High Value Customer
18066,318.0,108,1,3.4299999999999997,1,Low Value Customer
18067,396.33,189,1,2.8329729729729727,1,Low Value Customer
18069,2036.67,1311,5,2.201787234042553,3,High Value Customer
18071,453.0,260,2,2.998,1,Low Value Customer
18072,247.44,288,1,0.885,1,Low Value Customer
18073,3877.5200000000004,3108,12,3.834931506849315,3,High Value Customer
18074,489.6,190,1,4.7807692307692315,2,Regular Customer
18075,2611.75,1464,10,3.4669014084507044,3,High Value Customer
18077,2633.0099999999998,1878,11,1.8249779735682818,3,High Value Customer
18078,336.13,145,2,2.98551724137931,1,Low Value Customer
18079,3651.97,7432,4,0.8958267716535433,0,Premium Customer
18080,1231.5,642,2,1.9,1,Low Value Customer
18081,343.45,195,3,3.84,1,Low Value Customer
18082,703.37,621,1,2.153972602739726,1,Low Value Customer
18084,90.47999999999999,312,1,0.29,1,Low Value Customer
18085,689.95,265,2,2.8448275862068964,1,Low Value Customer
18086,101.34,106,1,1.48,1,Low Value Customer
18088,167.67000000000002,109,1,2.0935897435897437,1,Low Value Customer
18092,9068.26,4252,11,3.7192134831460675,0,Premium Customer
18093,2106.52,1392,4,1.6352777777777776,3,High Value Customer
18094,3017.3,2518,7,2.1552857142857142,3,High Value Customer
18095,580.0500000000001,419,2,2.619047619047619,1,Low Value Customer
18096,911.15,825,3,2.2876525821596245,1,Low Value Customer
18097,2697.8,1686,6,2.9694444444444446,3,High Value Customer
18099,168.31,149,1,2.1389473684210527,1,Low Value Customer
18101,223.65,88,2,2.580487804878049,1,Low Value Customer
18104,754.64,362,1,3.758947368421053,1,Low Value Customer
18105,113.48000000000002,46,1,2.232222222222222,1,Low Value Customer
18106,430.7,128,1,3.9358974358974357,1,Low Value Customer
18108,271.0,84,1,4.711764705882352,2,Regular Customer
18109,8052.97,4237,26,4.930247747747748,0,Premium Customer
18110,236.3,86,1,2.7769565217391303,1,Low Value Customer
18112,352.69,255,2,4.289230769230769,1,Low Value Customer
18113,76.32000000000001,72,1,1.06,1,Low Value Customer
18114,220.1,55,1,5.533928571428571,2,Regular Customer
18116,1418.03,848,8,2.370079365079365,3,High Value Customer
18117,320.72,618,1,1.2141891891891892,1,Low Value Customer
18118,5653.82,2882,26,2.5287959343236905,0,Premium Customer
18119,181.12,125,1,2.7823333333333333,1,Low Value Customer
18120,111.15,31,1,4.0323529411764705,1,Low Value Customer
18121,673.1,450,2,1.865,1,Low Value Customer
18122,1826.21,1234,6,2.3395054945054947,3,High Value Customer
18123,589.4399999999999,594,2,1.4233333333333333,1,Low Value Customer
18125,1142.99,804,4,2.225459183673469,1,Low Value Customer
18126,206.82999999999998,144,1,1.9507142857142856,1,Low Value Customer
18127,348.73,188,3,3.177446808510638,1,Low Value Customer
18129,112.55000000000001,48,1,2.9250000000000003,1,Low Value Customer
18130,1059.39,824,3,2.3695714285714287,1,Low Value Customer
18133,931.4999999999999,1350,1,0.69,1,Low Value Customer
18135,681.9100000000001,349,5,2.3075,1,Low Value Customer
18136,784.33,379,3,2.728421052631579,1,Low Value Customer
18138,152.65,38,1,6.25625,2,Regular Customer
18139,8438.34,5557,6,1.5092452830188678,0,Premium Customer
18142,1019.52,1276,2,1.53,1,Low Value Customer
18143,1000.16,570,2,2.728360655737705,1,Low Value Customer
18144,2888.75,1343,12,4.43046511627907,3,High Value Customer
18145,2861.55,2625,4,1.801447963800905,3,High Value Customer
18146,160.35000000000002,153,2,1.95,1,Low Value Customer
18147,179.33999999999997,203,2,1.2971428571428572,1,Low Value Customer
18149,612.0799999999999,310,3,2.7525,1,Low Value Customer
18150,566.58,332,3,2.3235135135135137,1,Low Value Customer
18151,653.35,355,2,3.1986842105263156,1,Low Value Customer
18154,399.19,255,2,2.8261904761904764,1,Low Value Customer
18155,371.62,266,3,2.4703999999999997,1,Low Value Customer
18156,734.94,301,2,3.0002142857142857,1,Low Value Customer
18158,453.4,354,2,1.2944117647058824,1,Low Value Customer
18159,530.15,139,1,5.004347826086956,2,Regular Customer
18160,638.0600000000001,294,2,3.657179487179487,1,Low Value Customer
18161,1618.69,812,5,3.640125,1,Low Value Customer
18164,399.65000000000003,184,1,4.207083333333333,1,Low Value Customer
18165,302.46000000000004,254,1,1.238,1,Low Value Customer
18167,1384.8600000000001,382,3,3.788648648648649,1,Low Value Customer
18168,1169.94,594,6,3.2399236641221374,1,Low Value Customer
18169,202.65,61,1,3.688888888888889,1,Low Value Customer
18170,980.31,409,3,4.247368421052632,1,Low Value Customer
18171,1231.31,481,5,5.11037037037037,2,Regular Customer
18172,7561.68,3184,20,3.107037037037037,0,Premium Customer
18173,2106.84,1220,4,2.705806451612903,3,High Value Customer
18174,104.0,50,1,2.08,1,Low Value Customer
18176,476.35,283,1,2.6816666666666666,1,Low Value Customer
18177,1341.42,710,6,1.8343243243243244,1,Low Value Customer
18178,1590.81,983,4,2.448762886597938,1,Low Value Customer
18179,1793.17,1360,6,2.761,3,High Value Customer
18180,1843.75,1721,6,2.080840336134454,3,High Value Customer
18181,382.8,146,1,3.6140909090909092,1,Low Value Customer
18183,632.07,371,2,3.5043243243243243,1,Low Value Customer
18184,49.8,60,1,0.83,1,Low Value Customer
18185,304.25,183,1,3.626470588235294,1,Low Value Customer
18188,2001.04,1168,3,2.4726760563380283,1,Low Value Customer
18189,1090.24,566,2,3.2851470588235294,1,Low Value Customer
18190,284.46000000000004,140,2,3.929333333333333,1,Low Value Customer
18191,207.79999999999998,140,1,4.021428571428571,1,Low Value Customer
18192,957.97,339,1,4.007333333333333,1,Low Value Customer
18193,243.76,124,1,3.5949999999999998,1,Low Value Customer
18194,973.8399999999999,632,1,1.6514285714285712,1,Low Value Customer
18196,689.13,433,2,2.2075886524822694,1,Low Value Customer
18198,5425.56,4074,17,2.3962893081761005,0,Premium Customer
18200,163.8,111,1,1.9684375,1,Low Value Customer
18202,1396.99,581,3,4.052058823529412,1,Low Value Customer
18203,160.42000000000002,43,1,4.583157894736842,2,Regular Customer
18204,1993.7,1200,3,2.5493,1,Low Value Customer
18205,517.36,192,2,4.58,2,Regular Customer
18209,139.10000000000002,58,1,3.24375,1,Low Value Customer
18210,2621.38,1398,6,3.5970895522388058,3,High Value Customer
18211,600.07,359,5,2.451904761904762,1,Low Value Customer
18212,248.42,101,1,3.057674418604651,1,Low Value Customer
18213,232.48000000000002,232,1,1.5013333333333334,1,Low Value Customer
18215,299.34000000000003,118,1,2.9930769230769227,1,Low Value Customer
18216,481.75,200,1,4.935384615384615,2,Regular Customer
18217,621.75,491,2,2.0880645161290325,1,Low Value Customer
18218,662.08,584,2,1.7866666666666664,1,Low Value Customer
18219,2069.77,885,10,4.12921052631579,3,High Value Customer
18220,305.28000000000003,288,1,1.06,1,Low Value Customer
18221,1041.61,791,5,2.6042187500000002,1,Low Value Customer
18222,443.0,335,1,3.2557894736842106,1,Low Value Customer
18223,6484.54,2948,14,2.9675,0,Premium Customer
18224,158.95000000000002,69,1,3.06,1,Low Value Customer
18225,5509.12,3244,12,2.5551660516605166,3,High Value Customer
18226,5228.05,3466,11,2.185206611570248,3,High Value Customer
18227,93.75,21,1,8.65,2,Regular Customer
18228,779.9,238,2,3.9876666666666667,1,Low Value Customer
18229,7276.900000000001,2488,20,4.626585365853659,0,Premium Customer
18230,2810.2000000000003,1316,7,2.191627906976744,3,High Value Customer
18231,2083.27,821,5,3.765483870967742,3,High Value Customer
18232,592.97,302,4,3.724864864864865,1,Low Value Customer
18235,1796.48,1578,3,2.1464423076923076,1,Low Value Customer
18236,882.24,403,6,3.3632653061224493,1,Low Value Customer
18237,987.1,622,5,2.957704918032787,1,Low Value Customer
18239,1561.6100000000001,795,5,2.871931818181818,1,Low Value Customer
18240,422.58,126,1,3.9283333333333332,1,Low Value Customer
18241,2073.09,1051,17,3.2537499999999997,3,High Value Customer
18242,2232.4900000000002,1017,4,3.279871794871795,1,Low Value Customer
18245,2567.06,1788,7,2.5844,3,High Value Customer
18246,596.1,166,2,4.71,2,Regular Customer
18248,804.02,511,2,4.105744680851064,1,Low Value Customer
18249,95.34,128,1,1.60375,1,Low Value Customer
18250,349.27,199,1,3.8057142857142856,1,Low Value Customer
18251,4314.72,7824,1,0.771875,0,Premium Customer
18252,526.67,239,2,3.129081632653061,1,Low Value Customer
18255,103.3,74,1,1.7166666666666668,1,Low Value Customer
18257,2337.63,1041,8,3.40364406779661,3,High Value Customer
18259,2338.6000000000004,714,3,3.2595238095238095,1,Low Value Customer
18260,2643.2000000000003,1478,6,3.5070149253731344,3,High Value Customer
18261,324.24,146,2,3.0828571428571427,1,Low Value Customer
18262,149.48,182,1,1.123076923076923,1,Low Value Customer
18263,1213.1599999999999,1468,3,0.9595081967213115,1,Low Value Customer
18265,801.51,311,2,5.246521739130435,2,Regular Customer
18268,25.5,2,1,12.75,2,Regular Customer
18269,168.6,76,1,3.164285714285714,1,Low Value Customer
18270,283.15,101,2,3.6727272727272724,1,Low Value Customer
18272,3078.58,2050,6,2.2946385542168675,3,High Value Customer
18273,204.0,80,3,2.55,1,Low Value Customer
18274,175.92,88,1,3.671818181818182,1,Low Value Customer
18276,335.86,186,1,2.482142857142857,1,Low Value Customer
18277,110.38,68,1,3.1412500000000003,1,Low Value Customer
18278,173.9,66,1,3.283333333333333,1,Low Value Customer
18280,180.60000000000002,45,1,4.765,2,Regular Customer
18281,80.82,54,1,5.622857142857143,2,Regular Customer
18282,178.05,103,2,5.199166666666667,2,Regular Customer
18283,2094.88,1397,16,1.6149867724867726,3,High Value Customer
18287,1837.28,1586,3,1.4935714285714285,1,Low Value Customer
